Title,Authors,Journal,Year,PMID
Why don’t all adults get multiple sclerosis?,"Hawkes, CH; Giovannoni, G; Lechner-Scott, J; Levy, M; Yeh, A",Multiple Sclerosis and Related Disorders,2026,41571370
Virus antibody responses in patients with myelin oligodendrocyte glycoprotein antibody-associated disease and multiple sclerosis,"Frederiksen, J; Žiogienė, D; Slibinskas, R; Ciplys, E; Houen, G; Trier, N",Multiple Sclerosis and Related Disorders,2026,41576644
Structure and immunogenicity of an engineered soluble prefusion-stabilized EBV gB antigen,"McCool, RS; Acreman, CM … Weidenbacher, PA; McLellan, JS",Nature Communications,2026,41484092
Recognition mechanisms of multiple sclerosis antibody MS with antigens EBNA1 and GlialCAM via molecular dynamics simulations,"Zhang, L; Yu, Q",Physical Chemistry Chemical Physics,2026,
Patients Suffering From Post‐ COVID ‐19 Syndrome Feature Enhanced Antibody Reactivity Towards Specific Linear Epitopes Within EBV EBNA1,"Lorenz, P; Steinbeck, F; Fricke, F; Mai, F; Bergmann‐Ewert, W; Wossidlo, C; Reisinger, EC; Müller‐Hilke, B",Scandinavian Journal of Immunology,2026,
Myelin antigen capture in the CNS by B cells expressing EBV latent membrane protein 1 leads to demyelinating lesion formation,"Kim, H; Schneider, M … Sanderson, NS; Derfuss, T",Cell,2026,41534531
Long-term trends of mortality from systemic lupus erythematosus in England & Wales and the United States,"Sonnenberg, A; Buchner, AM",Lupus,2026,
Immune dysfunction contributes to comorbid depression in patients with multiple sclerosis,"Zhang, Y; Wang, X; Chen, H; Shi, Z; Wang, R; Du, Q; Kong, L; Zhang, N; Zhang, Y; Mou, Z; Zhou, H",Journal of Affective Disorders,2026,
Epstein-barr virus and multiple sclerosis: from pathogenesis and diagnosis to EBV-specific T cell therapy and gene-targeted therapeutics,"Pushkarna, M; Zwamel, A; Verma, S; Malathi, H; Mustafayeva, M; Kaur, H; Al-Nuaimi, AMA; Husseen, B; Dahghani, M",Journal of Applied Genetics,2026,
Epstein-Barr virus seropositivity in a cohort of Sri Lankan patients with early multiple sclerosis: Preliminary case control study from South Asia,"De Alwis, S; Muthugala, R; Senanayake, B",Multiple Sclerosis and Related Disorders,2026,41270350
Epstein-Barr virus in multiple sclerosis pathogenesis: The path towards mechanistically faithful models,"Mizzi, K; Cauchi, RJ",Multiple Sclerosis and Related Disorders,2026,
Epstein-Barr virus and multiple sclerosis: A mechanism comes into focus,"Lindsey, JW",Multiple Sclerosis and Related Disorders,2026,41313861
EBV infection and HLA-DR15 jointly drive multiple sclerosis by myelin peptide presentation,"Wang, J; Qiu, Y … Walz, J; Martin, R",Cell,2026,41534530
Cross-reactive HERV-W and EBV peptides elicit antibody responses in MS patients and synergistically exacerbate neuroinflammation in EAE,"Cossu, D; Tomizawa, Y; Sakanishi, T; Ruberto, S; Hatano, T; Hattori, N",Clinical Immunology,2026,41290106
Bidirectional causal relationships between antibody-mediated immune responses and autoimmune diseases: Insights from Mendelian randomization analysis,"Huang, L; Han, L; Lin, Q",Medicine,2026,41496099
Anoctamin-2-specific T cells link Epstein-Barr virus to multiple sclerosis,"Thomas, OG; Rykaczewska, U … Guerreiro-Cacais, AO; Olsson, T",Cell,2026,41534529
A Threshold in Anti-EBNA-1 Antibody Titers Distinguishes Salivary EBV Shedders From Nonshedders,"Mahler, JV; Bilodeau, PA; Anderson, M; Mikami, T; Bobrowski-Khoury, N; Jiang, M; Zhu, H; Nguyen, J; Matiello, M; Levy, M; Bjornevik, K; Drosu, N",The Journal of Infectious Diseases,2026,41493209
[Multiple sclerosis and the Epstein-Barr Virus: Current perspectives on their pathogenic mechanisms].,"Hernández-Salomón, L",Revista medica del Instituto Mexicano del Seguro Social,2025,40279402
When does multiple sclerosis start?,"Giovannoni, G; Hawkes, CH; Lechner-Scott, J; Levy, M; Yeh, EA",Multiple Sclerosis and Related Disorders,2025,
Virus-specific antibody responses in severe acute respiratory syndrome coronavirus 2-infected and vaccinated individuals,"Trier, NH; Zivlaei, N; Ostrowski, SR; Sørensen, E; Larsen, M; Slibinskas, R; Ciplys, E; Frederiksen, JL; Houen, G",Immunology Letters,2025,40157431
Virus-specific antibody responses in multiple sclerosis patients treated with Ocrevus,"Zivlaei, N; Asani, DC; Trier, NH; Žiogienė, D; Gedvilaitė, A; Burneikienė, RP; Ciplys, E; Slibinskas, R; Houen, G; Frederiksen, JL",Journal of the Neurological Sciences,2025,
Treatment of First and Subsequent Attacks in Multiple Sclerosis,"Hawkes, CH; Giovannoni, G; Lechner-Scott, J; Levy, M; Yeh, A",Multiple Sclerosis and Related Disorders,2025,
"The relation of multiple sclerosis to family history, lifestyle, and health factors in childhood and adolescence","Holz, A; Obi, N … Heesen, C; Becher, H",Deutsches Ärzteblatt international,2025,40392126
The path to prevention of multiple sclerosis: Considerations for Epstein-Barr virus vaccine-based prevention studies,"Zane, GK; Sutton, A; Brumwell, A; Hossain, MR; Hawes, SE; Giovannoni, G; Mowry, EM; Jacobson, S; Cohen, JI; Bebo, B; Patel, RC",Multiple Sclerosis Journal,2025,40415641
"The growing interests in Epstein-Barr virus: A bibliometric analysis of research trends, collaborations, and emerging hotspots","Li, L; Wu, J; Cai, J; Asghar, MA; Xiao, R; Wu, J; Zhao, Q; Zhang, X",Infectious Medicine,2025,40703323
The case for targeting latent and lytic Epstein-Barr virus infection in multiple sclerosis,"Giovannoni, G; James, L; Adeniran, AA; Gold, J; Young, LS; Selwood, DL; Baker, D; Dobson, R",Brain,2025,40327539
The Role of Epstein-Barr Virus in the Pathogenesis of Autoimmune Diseases,"Morawiec, N; Adamczyk, B; Spyra, A; Herba, M; Boczek, S; Korbel, N; Polechoński, P; Adamczyk-Sowa, M",Medicina,2025,
The Role of Epstein-Barr Virus Molecular Mimicry in Various Autoimmune Diseases,"Munir, A; Khan, S; Saleem, A; Nusrat, H; Khan, SA; Sayyed, H; Khalid, A; Javed, B; Hidayat, F",Scandinavian Journal of Immunology,2025,
The Role and Mechanism of Anti‐ ICOS mAb in Experimental Autoimmune Encephalomyelitis,"Xiao, M; Zhao, Y; Zhang, X; Sun, Q; Gao, G; Wu, N; Fan, X",Immunology,2025,
"The Polygenic Nature of Multiple Sclerosis: Genetic Variants, Immunological Modulation, and Environmental Connections","Khan, Z; Mehan, S; Maurya, PK; Kumar, A; Gupta, GD; Narula, AS; Kalfin, R","Endocrine, Metabolic & Immune Disorders - Drug Targets",2025,39810445
Synthesis and Antiviral Evaluation of Unexplored Dioxolane-Derived 7-Deazapurine Nucleoside Analogues against Epstein-Barr Virus (EBV),"Singh, US; Jones, RA; Kothapalli, Y; Lan, S; Zhang, X; Slack, RL; Thoomu, HP; Schooley, RT; Sarafianos, SG; Chu, CK",ACS Medicinal Chemistry Letters,2025,40959246
"Subpial cortical demyelination in multiple sclerosis: A systematic review of frequency, pathology, and clinical diversity","Etemadifar, M; Rezaei, K; Hojjati Pour, F; Salari, M",Multiple Sclerosis and Related Disorders,2025,40505539
"Study protocol for a multicentre, randomised, double-blinded, placebo-controlled, multi-arm, multi-stage, trial of SpironolacTone and famciclOovir in the treatment of Progressive Multiple Sclerosis to prevent disability progression: the STOP-MS trial","Ward, K; Li, V … Taylor, BV; Broadley, SA",BMJ Neurology Open,2025,41450528
Strong association with remote EBV infection in children with MS as opposed to other acquired demyelinating disorders,"Molenaar, S; Scherbeijn, S; Bruijstens, A; Buijze, MSJ; Smolders, J; Geurts van Kessel, C; Neuteboom, RF","Journal of Neurology, Neurosurgery & Psychiatry",2025,40102037
Stratifying Multiple Sclerosis Susceptibility Risk: The Role of HLA‐E*01 and Infectious Mononucleosis in a Population Cohort,"Nova, A; Gentilini, D; Di Caprio, G; Bourguiba‐Hachemi, S; Vince, N; Gourraud, P; Bernardinelli, L; Fazia, T",European Journal of Neurology,2025,
Sp140L functions as a herpesvirus restriction factor suppressing viral transcription and activating interferon-stimulated genes,"Cable, JM; Wongwiwat, W; Grabowski, JC; White, RE; Luftig, MA",Proceedings of the National Academy of Sciences,2025,40526717
Sleep and Risk of Multiple Sclerosis: Bridging the Gap Between Inflammation and Neurodegeneration via Glymphatic Failure,"Buongiorno, M; Tur, C; Giraldo, DM; Cullell, N; Krupinski, J; Lanzillo, R; Sánchez-Benavides, G",Brain Sciences,2025,40722356
Sex-Related Differences in Lifestyle Factors Affecting Multiple Sclerosis Susceptibility and Disease Progression,"Barbuti, E; Piervincenzi, C; Ruggieri, S; Petracca, M",Brain Sciences,2025,41154192
Retrospective In Silico Analysis of Routine Laboratory Data Supports a Specific Association of Epstein-Barr Virus and Multiple Sclerosis,"Rodomonti, M; Pache, F; Otto, C; Schindler, P; Eberspächer, B; Geran, R; Puthenparampil, M; Gallo, P; Wildemann, B; Jarius, S; Erdur, H; Ruprecht, K",European Journal of Neurology,2025,
Repurposing Licensed Drugs with Activity Against Epstein-Barr Virus for Treatment of Multiple Sclerosis: A Systematic Approach,"Li, V; McKay, FC … Broadley, SA; -",CNS Drugs,2025,39792343
Reduced CD40 expression in B cell subsets of individuals with radiologically isolated syndrome.,"Keller, CW; Stein, K … Lünemann, JD; Comabella, M",Frontiers in immunology,2025,41403945
Recent Progress in the Vaccine Development Against Epstein-Barr Virus,"Dai, Y; Zhang, B; Yang, L; Tao, S; Yu, Y; Li, C",Viruses,2025,
Prophylactic and Therapeutic EBV Vaccination,"Khanna, R; Cohen, JI",Current Topics in Microbiology and Immunology,2025,
Profiling of Epstein-Barr Virus microRNAs in Whole Blood and Exosomes in Multiple Sclerosis,"Hvalkof, VH; Olsson, AGS; Gustavsen, S; Langkilde, AR; Hansen, MB; Sellebjerg, F; Søndergaard, HB",Immunological Investigations,2025,
PBMC-Humanized Mouse Model for Multiple Sclerosis: Studying Immune Changes and CNS Involvement,"Dagkonaki, A; Papazian, I; Gouzouasis, V; Karles, A; Kourouvani, M; Tselios, T; Fragkiadaki, E; Probert, L",BIO-PROTOCOL,2025,
Outcomes for Primary Central Nervous System Lymphoma from a Single Institution,"Dontu, S; Boccucci, J; Chahin, M; Keruakous, A; Jillella, A; Cortes, J; Kota, V; Bryan, L; Chauhan, A",Hematology Reports,2025,
Multiple sclerosis: 2024 update.,"Klotz, L; Saraste, M; Airas, L; Kuhlmann, T",Free neuropathology,2025,40636815
"Multiple sclerosis pathophysiology: a comprehensive review of genetic, environmental, and immunological drivers","Ghafoor, DD; Ahmad, DO; Najmuldeen, HH; Mohammed, SJ; Jalal, PJ; Mustafa, FS; Alghofaili, F; Zangana, BA; Al-Bajalan, SJ",Inflammopharmacology,2025,41205133
"Multiple sclerosis and infection: history, EBV, and the search for mechanism","SoRelle, ED; Luftig, MA",Microbiology and Molecular Biology Reviews,2025,39817754
Microbiota-Derived SCFAs in Multiple Sclerosis: From Immune Priming to Neurodegeneration,"Sharma, VK",Molecular Neurobiology,2025,
Latent microbial infections leading to myelin and axonal damage in multiple sclerosis: A narrative review,"Zadeh, FN; Esmaeilkhani, A; Sedighi, M; Amirmozafari, N; Rahbar, M; Soleiman-Meigooni, S; Bialvaei, AZ",Current Journal of Neurology,2025,
Knockoff-Based Fine Mapping of MS-Associated SNPs in Sardinian Trios,"Baldrighi, GN; Nova, A; Ekstrøm, CT; Piras, ML; Saddi, MV; Bernardinelli, L; Fazia, T",Biochemical Genetics,2025,40884622
Isolated Central Nervous System FHL3 in an Asian Pediatric Patient: A Case Report and Literature Review,"Zhang, Z; Duan, H; Zhang, C; He, F; Yin, F; Yang, L; Peng, J",Journal of Inflammation Research,2025,41064495
Is there a link between multiple sclerosis and Alzheimer disease? A critical note,"Jellinger, KA",Journal of Neural Transmission,2025,
Infectious mononucleosis is a more realistic target for preventing multiple sclerosis,"Giovannoni, G; Hawkes, CH; Lechner-Scott, J; Yeh, EA; Levy, M",Multiple Sclerosis and Related Disorders,2025,
Impact of lifestyle factors post-infectious mononucleosis on multiple sclerosis risk,"Johansson, E; Olsson, T; Alfredsson, L; Hedström, AK",European Journal of Epidemiology,2025,40038142
Immunology of multiple sclerosis: an update,"Kirschner, P; Pawlitzki, M; Hartung, H; Meuth, SG",Current Opinion in Neurology,2025,40326581
Immune Modulatory Effects of Vitamin D on Herpesvirus Infections,"Galdo-Torres, D; Andreu, S; Caballero, O; Hernández-Ruiz, I; Ripa, I; Bello-Morales, R; López-Guerrero, JA",International Journal of Molecular Sciences,2025,40004230
Identification and catalog of viral transcriptional regulators in human diseases,"Citu, C; Chang, L; Manuel, AM; Enduru, N; Zhao, Z",iScience,2025,
Human herpesvirus 7 and the risk of developing multiple sclerosis,"Ingvarsson, J; Grut, V; Gustafsson, R; Biström, M; Lambert, L; Michels, BE; Bergström, T; Flamand, L; Waterboer, T; Sundström, P",Brain Communications,2025,41523194
"Human Alpha Herpesviruses Infections (HSV1, HSV2, and VZV), Alzheimer’s Disease, and the Potential Benefits of Targeted Treatment or Vaccination-A Virological Perspective","Maple, PAC; Hosseini, AA",Vaccines,2025,40573903
Host Genetic Architecture between Epstein-Barr Virus Activity and Multiple Sclerosis Reveals Shared Pathways,"Yasumizu, Y; Kim, N … Falcone, GJ; Hafler, DA",medRxiv : the preprint server for health sciences,2025,41445616
Herpesvirus-host interactions in neurological diseases: the immunogenetic role of HLA-E,"Graninger, M; Puchhammer-Stöckl, E; Vietzen, H",Journal of Virology,2025,41283666
"HHV-6 and EBV reactivation in relapsing remitting multiple sclerosis: Disability, progression, and inflammation links","Almulla, AF; Vojdani, A; Zhang, Y; Vojdani, E; Maes, M",iScience,2025,
HERV Dysregulation in a Case of Myalgic Encephalomyelitis and Multiple Sclerosis Responsive to Rituximab,"Martín-Martínez, E; Gil-Perotin, S; Giménez-Orenga, K; Barea-Moya, L; Oltra, E",International Journal of Molecular Sciences,2025,
Genome-wide discovery of multiple sclerosis genetic risk variant allelic regulatory activity,"Granitto, M; Parks, L … Weirauch, MT; Kottyan, LC","G3: Genes, Genomes, Genetics",2025,40838804
Genetics of progressive multifocal leukoencephalopathy: update on case reports with an inborn error of immunity and risk variants found in drug-linked cases,"Eis, PS; Smith, EB; Jalilzadeh, S; Hatchwell, E",Frontiers in Neurology,2025,40761639
Genetic susceptibility determines Epstein-Barr-virus-associated risk of multiple sclerosis,"Kiani, L",Nature Reviews Neurology,2025,40355532
Genes and environment profoundly affect the human virome,"Kamitaki, N; Tang, D; McCarroll, SA; Loh, P",bioRxiv : the preprint server for biology,2025,40964300
Factors associated with outcomes following autologous haematopoietic stem cell transplantation for multiple sclerosis,"Noui, Y; Zjukovskaja, C; Silfverberg, T; Ljungman, P; Kultima, K; Tolf, A; Tolf, T; Carlson, K; Burman, J","Journal of Neurology, Neurosurgery & Psychiatry",2025,
Extracellular nucleotides mediate viral central nervous system infections: Key alarmins of neuroinflammation and neurodegeneration,"Leite-Aguiar, R; Paiva-Pereira, E; Coutinho-Silva, R; Figueiredo, CP; Savio, LEB",Neural Regeneration Research,2025,40364625
Exploring the role of EBV in multiple sclerosis pathogenesis through EBV interactome,"Ballerini, C; Amoriello, R … Salvetti, M; Amato, MP",Frontiers in Immunology,2025,40242760
Exploring the Link Between IL-6 rs1800795 G > C SNP and the Severity of Epstein-Barr Virus-Associated Multiple Sclerosis: Potential Impact on Cognitive Impairment,"Hassan, TM; El Amir, AM; Nagy, NE; El-Khazragy, N",Molecular Neurobiology,2025,
Exosomal pHERV-W ENV as a dynamic biomarker for relapse prediction and prognosis in multiple sclerosis,"Saba, ES; Mrad, MF; Nakib, L; Dermesrobian, V; Abboud, J; Khoury, SJ",Journal of Neuroinflammation,2025,41121274
"Evolution of Epstein-Barr Virus Infection Seroprevalence in a French University Hospital over 11 Years, Including the COVID-19 Pandemic, 2013-2023","Aubry, A; Francois, C; Demey, B; Louchet-Ducoroy, M; Pannier, C; Segard, C; Brochot, E; Castelain, S",Microorganisms,2025,
Evaluating the role of anti-EBV antibodies as biomarkers for the evolution of multiple sclerosis: A longitudinal study,"Semy, M; Tranquille, A; Bergsland, N; Jakimovski, D; Bartnik, A; Reeves, JA; Dwyer, MG; B, BW; Ramanathan, M; Zivadinov, R",Multiple Sclerosis and Related Disorders,2025,40848621
Epstein‐Barr Virus (EBV) and Autoimmune Diseases: Pathogenic Mechanisms and Therapeutic Insights,"Gupta, S; Reddy, V; Lodha, L; Ashwini, MA",Journal of Medical Virology,2025,41459712
Epstein-Barr virus reactivation is associated with altered immune cell profiles in peripheral blood and cerebrospinal fluid of treatment-naive multiple sclerosis patients,"Gouzouasis, V; Tsifintaris, M … Giannakakis, A; Probert, L",Journal of Neuroimmunology,2025,41005209
Epstein-Barr virus pathogenesis and emerging control strategies,"Münz, C",Nature Reviews Microbiology,2025,
Epstein-Barr virus infection promotes T cell dysregulation in a humanized mouse model of multiple sclerosis,"Allanach, JR; Fettig, NM; Hardman, BK; Rosen, AR; Fan, V; Chung, C; Goldberg, EJ; Morse, ZJ; Shanina, I; Vorobeychik, G; Osborne, LC; Horwitz, MS",Science Advances,2025,
Epstein-Barr virus infection increases the risk for inflammatory bowel disease,"Buchner, AM; Kohen, R; Sonnenberg, A",European Journal of Gastroenterology & Hepatology,2025,41549853
Epstein-Barr virus infection and vitamin D deficiency are both “causal” for multiple sclerosis (MS) - could the common denominator be their effects on hepcidin levels?,"van Rensburg, SJ; van Toorn, R; Jaftha, M; Kemp, MC; Engel-Hills, P; Kotze, MJ",Metabolic Brain Disease,2025,41045370
Epstein-Barr virus and the immune microenvironment in multiple sclerosis: Insights from high-dimensional brain tissue imaging,"Orr, N; Steinman, L",Proceedings of the National Academy of Sciences,2025,40063794
"Epstein-Barr virus and spontaneous lymphoblastoid cell lines: establishment, molecular characteristics, immune modulation, and therapeutic insight","Adeniran, AA; Giovannoni, G; Baker, D; James, LK",Clinical and Experimental Immunology,2025,
Epstein-Barr virus and multiple sclerosis: lesson learned to develop better nonhuman primate models,"Nguyen, HD; Kim, D; Kim, Y; Flemington, E; Giovannoni, G; Park, C; Kim, W",Experimental & Molecular Medicine,2025,40588526
"Epstein-Barr virus and human MiRNAs crosstalk: orchestrating latency, lytic cycle, and immune system modulation","Mansour, RM; El-Sayyad, GS … Amin, R; Doghish, AS",Folia Microbiologica,2025,41369835
Epstein-Barr virus BALF0/1 subverts the Caveolin and ERAD pathways to target B cell receptor complexes for degradation,"Yiu, SPT; Liao, Y; Yan, J; Weekes, MP; Gewurz, BE",Proceedings of the National Academy of Sciences,2025,39847318
Epstein-Barr virus (EBV) infection and its sequelae in the immunocompetent host,"Meirhaeghe, MR; Balfour, HH",Journal of Clinical Virology,2025,40816194
"Epstein-Barr Virus, Lower Vitamin D, Low Sun Exposure, and HLA‐DRB1*1501 Risk Variant Share Common Epigenetic Pathways Leading to Multiple Sclerosis Onset","Simpson‐Yap, S; Morwitch, E … Ponsonby, A; -",Annals of Neurology,2025,
Epstein-Barr Virus miRNAs in Multiple Sclerosis: Unveiling their role in Immune Regulation and Potential for Diagnostic and Therapeutic Innovation,"Balkan, E; Kizilkaya, M; Bilge, N; Aykaç, M; Demirdoğan, F",Pakistan Journal of Medical Sciences,2025,41244541
Epstein-Barr Virus in Multiple Sclerosis,"Wahbeh, F; Sabatino, JJ",Neurology Neuroimmunology & Neuroinflammation,2025,
"Epstein-Barr Virus Seropositivity, Immune Dysregulation, and Mortality in Pediatric Sepsis","Sriram, A; Kernan, KF … Remy, KE; Park, HJ",JAMA Network Open,2025,40828536
Epstein-Barr Virus Encoded lncRNAs Control the Viral Lytic Switch,"Li, Z; Liao, Y; Ding, W; Maestri, D; Grote, SL; Romero Agosto, GA; Murray-Nerger, LA; Guo, R; Zhao, B; Rouskin, S; Teng, M; Gewurz, BE",bioRxiv : the preprint server for biology,2025,41279497
Emerging and Re-emerging viruses as triggers of human endogenous retrovirus activation: Implications for aging and age-related pathologies,"Wu, Y; Huang, S; Sha, Q; Yu, J",Molecular Aspects of Medicine,2025,41207217
Embodiment of structural racism and multiple sclerosis risk and outcomes in the USA,"Langer-Gould, AM; Cepon-Robins, TJ; Benn Torres, J; Yeh, EA; Gildner, TE",Nature Reviews Neurology,2025,40425864
Early multiple sclerosis activity associated with TBX21+CD21loCXCR3+ B cell expansion resembling EBV-induced phenotypes,"SoRelle, ED; Haukenfrers, E; Horn, GQ; Jain, V; Giarraputo, J; Abramson, K; Hocke, E; Cooney, LA; Harris, KM; Zamvil, SS; Gregory, SG; Luftig, MA",JCI Insight,2025,
Early identification of individuals at risk for multiple sclerosis by quantification of EBNA-1381-452-specific antibody titers,"Vietzen, H; Kühner, LM … Rommer, P; Puchhammer-Stöckl, E",Nature Communications,2025,40659624
Early antiviral treatment following gammaherpesvirus-68 infection of the central nervous system prevents subsequent multiple sclerosis-like disease,"Muselman, A; Kongara, S; Hsu, N; Aggarwal, A; Yu, J; Rajadas, J; Engleman, EG",Journal of Neuroinflammation,2025,41063265
Early Detection of Multiple Sclerosis Using Spectroscopic Epstein-Barr Virus Biosensors Based on Infection Mechanism Mimicry,"Anık; Çaylayık, NS",Analytical Chemistry,2025,40947562
EBV induces CNS homing of B cells attracting inflammatory T cells,"Läderach, F; Piteros, I … Mautner, J; Münz, C",Nature,2025,40770101
EBV and Autoimmunity,"Cortese, M; Ascherio, A; Bjornevik, K",Current Topics in Microbiology and Immunology,2025,
EBV Latency Programs: Molecular and Epigenetic Regulation and Its Role in Disease Pathogenesis,"Lyu, L; Li, Q; Wang, C",Journal of Medical Virology,2025,40685972
EBV INFECTION OUTCOMES DETERMINED BY MONOCYTE AND T REG -DRIVEN IMMUNE DYNAMICS IN AN EX VIVO PBMC MODEL,"Yoon, L; MacMullen, LN; Castro Muñoz, LJ; Gu, A; Bregman, J; Campion, M; Srivastava, A; Xian, RR; Ambinder, RF; Kossenkov, A; Soldan, SS; Lieberman, PM",bioRxiv : the preprint server for biology,2025,41332545
"EBV Early Lytic Antigens, EBNA2 and PDL-1, in Progressive Multiple Sclerosis Brain: A Coordinated Contribution to Viral Immune Evasion","Benincasa, L; Rosicarelli, B; Meloni, C; Serafini, B",International Journal of Molecular Sciences,2025,
EBNA2 and EBNA-LP: The Earliest Viral Latency Proteins,"Cable, JM; Grabowski, JC; Luftig, MA",Current Topics in Microbiology and Immunology,2025,
EBI2-oxysterol signalling regulates VE-cadherin expression and multiple sclerosis CD4+ T cell attachment to a human tri-cell spheroid blood-brain barrier model,"Caratis, F; Mruk, I; Konieczna-Wolska, K; Rojek, B; Hałas, M; Czaplewska, P; Karaszewski, B; Furihata, T; Rutkowska, A","Brain, Behavior, & Immunity - Health",2025,40656636
Double-stranded RNA antiviral signature in early multiple sclerosis.,"Gouzouasis, V; Sarrigeorgiou, I; Tsifintaris, M; Markoglou, N; Georgopoulou, U; Lymberi, P; Anagnostouli, M; Probert, L; Giannakakis, A",Frontiers in microbiology,2025,41395469
Development of Epstein Barr virus biosensor by mimicking its infection mechanism for early detection of multiple sclerosis,"Anik; Çaylayik, NS",Scientific Reports,2025,40750629
"Design, Structure, and Immunogenicity of a Soluble Prefusion-stabilized EBV gB Antigen","McCool, RS; Acreman, CM … Weidenbacher, PA; McLellan, JS",bioRxiv : the preprint server for biology,2025,40661529
Decoding the molecular and cellular aspects of multiple sclerosis: From diagnosis to therapeutic strategies,"Gupta, NS; Shrivastav, SK; Singh, IK; Kumari, S; Jha, NK; Gupta, R",Brain Research,2025,40691929
Cytomegalovirus Infection in a Multiple Sclerosis Patient on Dimethyl Fumarate,"Larsen, N",Case Reports in Neurological Medicine,2025,
Contribution of Blood Biomarkers to Multiple Sclerosis Diagnosis,"Comabella, M; Pappolla, A … Villar, LM; Montalban, X",Neurology Neuroimmunology & Neuroinflammation,2025,39879564
Complete Epstein-Barr virus seropositivity in a cohort of pediatric onset multiple sclerosis: a comparison to other autoimmune diseases,"Monte, G; Tiralongo, G; Papetti, L; Ferilli, MAN; Proietti Checchi, M; Voci, A; Ruscitto, C; Salvetti, M; Bellucci, G; Valeriani, M",Journal of Neurology,2025,41152539
Comparative Analysis of Genetic Risk for Viral-Induced Axonal Loss in Genetically Diverse Mice,"Kang, TW; Perez-Gomez, A; Lawley, K; Young, CR; Welsh, CJ; Brinkmeyer-Langford, CL",International Journal of Molecular Sciences,2025,41226761
Clinical Features of Children With MOG-IgG Who Fulfill Criteria of Multiple Sclerosis and Overlapping Disorders,"Fonseca, EG; Olivé-Cirera, G … Dalmau, J; Armangue, T",Neurology Neuroimmunology & Neuroinflammation,2025,40505071
Cerebrospinal fluid exosomal Epstein-Barr virus microRNAs in multiple sclerosis and effects of disease modifying therapies,"Hvalkof, VH; Hansen, MB; El Mahdaoui, S; Hansen, MM; Christensen, JR; Buhelt, S; Sellebjerg, F; Søndergaard, HB",Clinical Immunology,2025,41083036
Central nervous system B-cell lymphoma in a patient diagnosed with chronic lymphocytic inflammation with pontine perivascular enhancement responsive to steroids: A case report,"Koumasopoulos, E; Spiteri, E; Vakrakou, AG; Toulas, P; Velonakis, G; Stranjalis, G; Stefanis, L; Evangelopoulos, M; Anagnostouli, M",SAGE Open Medical Case Reports,2025,
Causal effect of infectious mononucleosis on neurodegenerative diseases: A Mendelian randomization study,"Peng, S; Ouyang, J; Liu, Y; Wang, L; Liu, R",Medicine,2025,40898457
Broad-spectrum antiviral brincidofovir inhibits Epstein-Barr virus and related gammaherpesvirus in human and nonhuman primate cells,"Donaldson, A; Druker, MR … Piotrowski, SL; Jacobson, S",Journal of Clinical Investigation,2025,
Broad Analysis of Serum and Intrathecal Antimicrobial Antibodies in Multiple Sclerosis Underscores Unique Role of Epstein-Barr Virus,"Pache, F; Otto, C; Wilken, D; Lietzow, T; Steinhagen, K; Grage-Griebenow, E; Schindler, P; Niederschweiberer, M; Wildemann, B; Jarius, S; Ruprecht, K",Neurology Neuroimmunology & Neuroinflammation,2025,39602676
Autologous haematopoietic stem cell transplantation for multiple sclerosis in the UK: A 20‐year retrospective analysis of activity and haematological outcomes from the British Society of Blood and Marrow Transplantation and Cellular Therapy (BSBMTCT),"Kazmi, M; Muraro, PA … Sharrack, B; Snowden, JA",British Journal of Haematology,2025,
Autologous Stem Cell Transplantation for Multiple Sclerosis.,"Condamoor, S; Vittayawacharin, P; Sy, M; Kongtim, P; Ciurea, SO",Transplantation and cellular therapy,2025,41482159
Autoimmune responses to myelin-associated proteins as diagnostic and prognostic biomarkers of relapsing-remitting multiple sclerosis: Associations with human herpesvirus-6 and Epstein-Barr virus reactivation,"Vojdani, A; Almulla, AF; Vojdani, E; Li, J; Zhang, Y; Maes, M",Journal of Advanced Research,2025,39965730
Associations between past infectious mononucleosis diagnosis and 47 inflammatory and vascular stress biomarkers,"Kristjánsson, RP; Dietz, JB … Hansen, TF; Hjalgrim, H",Scientific Reports,2025,40175486
"Apheresis for the treatment of relapses in MS and NMOSD: reduced antibody reactivities, gene expression changes and potential clinical response indicators","Hecker, M; Fitzner, B … Koczan, D; Zettl, UK",Frontiers in Immunology,2025,
Antinuclear antibodies in early multiple sclerosis reflect systemic lupus erythematosus shared risk factors,"Corsten, CEA; Marques, AM; Masmanidou, D; Ikram, MK; van Luijn, MM; Wokke, B; Smolders, J",Scientific Reports,2025,41006414
Antibody reactivity against EBNA1 and GlialCAM differentiates multiple sclerosis patients from healthy controls,"Sattarnezhad, N; Kockum, I … Olsson, T; Lanz, TV",Proceedings of the National Academy of Sciences,2025,
Antibody index (cerebrospinal fluid/serum) of the Epstein-Barr virus in patients with demyelinating disease,"Costa-Neto, JB; Kaefer, M; Freitas, TdPMM; Ciceri, ACM; Casal, LB; Lopes, BS; Arruda-Filho, VMd; de Carvalho, JAM; Paniz, C",Multiple Sclerosis and Related Disorders,2025,
Anti-EBV antibody reduction during ocrelizumab treatment is not associated with multiple sclerosis outcomes,"Esposito, A; Corsaro, L … Brescia Morra, V; Moccia, M",Multiple Sclerosis and Related Disorders,2025,
Altered immune landscape of cervical lymph nodes reveals Epstein-Barr virus signature in multiple sclerosis,"Sarkkinen, J; Yohannes, DA … Perdomo, M; Laakso, SM",Science Immunology,2025,39982975
Advancements in multiple sclerosis,"Montague, T; Drummond, J; Ng, K; Parratt, J",Internal Medicine Journal,2025,40171883
"Acute infectious mononucleosis generates persistent, functional EBNA-1 antibodies with high cross-reactivity to alpha-crystalline beta","Ganta, KK; McManus, M; Blanc, R; Wang, Q; Jung, W; Brody, R; Carrington, M; Paris, R; Chandramouli, S; McNamara, RP; Luzuriaga, K",Cell Reports,2025,40372913
A survey of pathogenic involvement in non-communicable human diseases,"Lape, M; Schnell, D; Parameswaran, S; Ernst, K; O’Connor, S; Salomonis, N; Martin, LJ; Harnett, BM; Kottyan, LC; Weirauch, MT",Communications Medicine,2025,40542146
A narrative review of genetic and environmental factors and risk for multiple sclerosis. The design of the Italian multicentric PEDIGREE study,"Ghezzi, A; D’Alfonso, S … Laudisi, M; Baldi, E",Neurological Sciences,2025,40815455
A disease-specific convergence of host and Epstein-Barr virus genetics in multiple sclerosis,"Mechelli, R; Umeton, R … Perez, ML; McVean, G",Proceedings of the National Academy of Sciences,2025,40184175
Zeb2 drives the formation of CD11c + atypical B cells to sustain germinal centers that control persistent infection,"Gao, X; Shen, Q … Zaunders, JJ; Cockburn, IA",Science Immunology,2024,
"Vitamin D and viral infections: Infectious diseases, autoimmune diseases, and cancers",-,Advances in Food and Nutrition Research,2024,
Virus-specific T-cells from third party or transplant donors for treatment of EBV lymphoproliferative diseases arising post hematopoietic cell or solid organ transplantation,"O’Reilly, RJ; Prockop, S; Oved, JH",Frontiers in Immunology,2024,38274824
Viewpoints Sigma-1 receptor agonist fluvoxamine for multiple sclerosis,"Hashimoto, K","Brain, Behavior, & Immunity - Health",2024,
Vaccination with nanoparticles displaying gH/gL from Epstein-Barr virus elicits limited cross-protection against rhesus lymphocryptovirus,"Edwards, KR; Schmidt, K … Pancera, M; McGuire, AT",Cell Reports Medicine,2024,38781964
"Understanding the link between neurotropic viruses, BBB permeability, and MS pathogenesis","Rani, A; Ergün, S; Karnati, S; Jha, HC",Journal of NeuroVirology,2024,38189894
Twin study dissects CXCR3+ memory B cells as non-heritable feature in multiple sclerosis,"Ingelfinger, F; Kuiper, KL; Ulutekin, C; Rindlisbacher, L; Mundt, S; Gerdes, LA; Smolders, J; van Luijn, MM; Becher, B",Med,2024,38531361
The role of Epstein-Barr virus in autoimmune and autoinflammatory diseases,"Borghol, AH; Bitar, ER; Hanna, A; Naim, G; Rahal, EA",Critical Reviews in Microbiology,2024,38634723
The hidden link: How oral and respiratory microbiomes affect multiple sclerosis,"Jameie, M; Ahli, B; Ghadir, S; Azami, M; Amanollahi, M; Ebadi, R; Rafati, A; Naser Moghadasi, A",Multiple Sclerosis and Related Disorders,2024,
The effects of urolithin A on poly I:C-induced microglial activation,"Mingo, YB; Gabele, L; Lonnemann, N; Brône, B; Korte, M; Hosseini, S",Frontiers in Cellular Neuroscience,2024,38577490
The Level of Anti-Viral Antigen-Specific Antibodies to EBNA-1 in the Serum of MS Patients Does not Depend on the Severity of the Disease,"Ovchinnikova, LA; Dzhelad, SS; Simaniv, TO; Zakharova, MN; Gabibov, AG; Lomakin, YA",Doklady Biochemistry and Biophysics,2024,
The Impact of Infectious Mononucleosis History on the Risk of Developing Lymphoma and Nasopharyngeal Carcinoma: A Retrospective Large-Scale Cohort Study Using National Health Insurance Data in South Korea,"Kang, SH; Lee, Y; Myong, J; Kwon, M",Cancer Research and Treatment,2024,38665055
The EMBL-EBI Job Dispatcher sequence analysis tools framework in 2024,"Madeira, F; Madhusoodanan, N; Lee, J; Eusebi, A; Niewielska, A; Tivey, ARN; Lopez, R; Butcher, S",Nucleic Acids Research,2024,38597606
The EBV-MS connection: the enigma remains,"van de Waterweg Berends, A; Broux, B; Machiels, B; Gillet, L; Hellings, N",Frontiers in Immunology,2024,39267757
The DNA loop release factor WAPL suppresses Epstein-Barr virus latent membrane protein expression to maintain the highly restricted latency I program,"Murray-Nerger, LA; Maestri, D; Liu, X; Li, Z; Tempera, I; Teng, M; Gewurz, BE",bioRxiv : the preprint server for biology,2024,38766209
Targeting Epstein-Barr virus in multiple sclerosis: when and how?,"Giovannoni, G",Current Opinion in Neurology,2024,38511407
T cells implicate Epstein-Barr virus in multiple sclerosis pathogenesis,"Fyfe, I",Nature Reviews Neurology,2024,
Successful Treatment of Epstein-Barr Virus Reactivation-associated Transverse Myelitis Following Herpes Zoster with Intravenous Rituximab in a Cord Blood Transplant Recipient,"Sato, K; Watanabe, R; Ito, I; Imadome, K; Sumi, M; Kobayashi, H",Internal Medicine,2024,38296479
Spontaneous human CD8 T cell and autoimmune encephalomyelitis-induced CD4/CD8 T cell lesions in the brain and spinal cord of HLA-DRB1*15-positive multiple sclerosis humanized immune system mice,"Papazian, I; Kourouvani, M; Dagkonaki, A; Gouzouasis, V; Dimitrakopoulou, L; Markoglou, N; Badounas, F; Tselios, T; Anagnostouli, M; Probert, L",eLife,2024,38900149
"Similar geographic distribution of mortality from multiple sclerosis, Hodgkin lymphoma, and inflammatory bowel disease in the United States","Sonnenberg, A",Multiple Sclerosis and Related Disorders,2024,38354444
Shared and distinct interactions of type 1 and type 2 Epstein-Barr Nuclear Antigen 2 with the human genome,"Viel, KCMF; Parameswaran, S … Kottyan, LC; Weirauch, MT",BMC Genomics,2024,38475709
"Serum Concentrations of Chemokines CCL20, CXCL8 and CXCL10 in Relapsing-Remitting Multiple Sclerosis and Their Association with Presence of Antibodies against Epstein-Barr Virus","Košćak Lukač, J; Baronica, KB; Šućur, A; Sremec, J; Tomasović, S; Baronica, R; Kelava, T; Grčević, D; Kovačić, N",International Journal of Molecular Sciences,2024,39125633
Serologic Response to the Epstein-Barr Virus Peptidome and the Risk for Multiple Sclerosis,"Cortese, M; Leng, Y; Bjornevik, K; Mitchell, M; Healy, BC; Mina, MJ; Mancuso, JD; Niebuhr, DW; Munger, KL; Elledge, SJ; Ascherio, A",JAMA Neurology,2024,38497939
Rubella virus seropositivity after infection or vaccination as a risk factor for multiple sclerosis,"Ingvarsson, J; Grut, V … Nilsson, S; Sundström, P",European Journal of Neurology,2024,
"Risk of multiple sclerosis in individuals with infectious mononucleosis: a national population-based cohort study using hospital records in England, 2003-2023","Goldacre, R",Multiple Sclerosis Journal,2024,38511730
Racial and Ethnic Disease Phenotype Differences Are Driven by Genetics: No,"Langer-Gould, A",Multiple Sclerosis Journal,2024,
Propionic Acid Impact on Multiple Sclerosis: Evidence and Challenges,"Lorefice, L; Zoledziewska, M",Nutrients,2024,39599673
Potential clinical implications of molecular mimicry‐induced autoimmunity,"Suliman, BA","Immunity, Inflammation and Disease",2024,38415936
Ocrelizumab B cell depletion has no effect on HERV RNA expression in PBMC in MS patients,"Tarlinton, R; Tanasescu, R; Shannon-Lowe, C; Gran, B",Multiple Sclerosis and Related Disorders,2024,38598954
Ocrelizumab Alters Cytotoxic Lymphocyte Function While Reducing EBV-Specific CD8 + T-Cell Proliferation in Patients With Multiple Sclerosis,"Abbadessa, G; Lepore, MT; Bruzzaniti, S; Piemonte, E; Miele, G; Signoriello, E; Perna, F; De Falco, C; Lus, G; Matarese, G; Bonavita, S; Galgani, M",Neurology Neuroimmunology & Neuroinflammation,2024,
Novel model of multiple sclerosis induced by EBV-like virus generates a unique B cell population,"Deffenbaugh, JL; Jung, K; Murphy, SP; Liu, Y; Rau, CN; Petersen-Cherubini, CL; Collins, PL; Chung, D; Lovett-Racke, AE",Journal of Neuroimmunology,2024,
New views on the complex interplay between degeneration and autoimmunity in multiple sclerosis,"Stys, PK; Tsutsui, S; Gafson, AR; ‘t Hart, BA; Belachew, S; Geurts, JJG",Frontiers in Cellular Neuroscience,2024,
New insights on the link between Epstein‑Barr virus infection and cognitive decline in neurodegenerative diseases (Review),"Schreiner, T; Romanescu, C; Schreiner, O; Nhambasora, F",Experimental and Therapeutic Medicine,2024,39268367
New insights in the pathogenic mechanism of multiple sclerosis: Is Epstein-Barr virus associated with optic nerve involvement?,"Remolí-Sargues, L; Monferrer-Adsuara, C; López-Salvador, B; García-Villanueva, C; Gracia-García, A; Castro-Navarro, V; Cervera-Taulet, E",European Journal of Ophthalmology,2024,38311887
Neurotropic murine coronavirus mediated demyelination: Factors dampening pathogenesis,"Hwang, M; Bergmann, CC",Journal of Neuroimmunology,2024,38850674
Navigating Epstein-Barr virus autoimmunity: role of NK cells and T cells in multiple sclerosis,"Xie, C; Sun, C; Zeng, M",Signal Transduction and Targeted Therapy,2024,38424043
Natural language processing analysis of the theories of people with multiple sclerosis about causes of their disease,"Haag, C; Steinemann, N … Puhan, MA; von Wyl, V",Communications Medicine,2024,38914643
Myelin Oligodendrocyte Glycoprotein Antibody Disease (MOGAD)-Monophasic Optic Neuritis and Epstein-Barr Virus (EBV): A Case Report of Rare Comorbid Diagnoses in an Adolescent From a Remote Greek Island,"Georgopoulou, E; Palkopoulou, M; Liakopoulos, D; Kerazi, E; Kalaentzis, A; Barmparoussi, V; Kokkinos, M; Kaliontzoglou, A; Anagnostouli, M",Cureus,2024,
Multivalent MVA-vectored vaccine elicits EBV neutralizing antibodies in rhesus macaques that reduce EBV infection in humanized mice,"Escalante, GM; Reidel, IG … Wong, SW; Ogembo, JG",Frontiers in Immunology,2024,39346922
Multiple sclerosis patient-derived spontaneous B cells have distinct EBV and host gene expression profiles in active disease,"Soldan, SS; Su, C … Jacobson, S; Lieberman, PM",Nature Microbiology,2024,38806670
Molecular mimicry as a mechanism of viral immune evasion and autoimmunity,"Maguire, C; Wang, C; Ramasamy, A; Fonken, C; Morse, B; Lopez, N; Wylie, D; Melamed, E",Nature Communications,2024,
Milk and multiple sclerosis: A possible link?,"Morin, CR; Baeva, M; Hollenberg, MD; Brain, MC",Multiple Sclerosis and Related Disorders,2024,
Interactions between High Seroreactivity to Human Herpes Virus 6A and Epstein-Barr Virus in MS Development: A Presymptomatic Case-Control Study,"Grut, V; Biström, M; Salzer, J; Stridh, P; Jons, D; Gustafsson, R; Huang, J; Bergström, T; Kockum, I; Waterboer, T; Olsson, T; Sundström, P",Annals of Neurology,2024,
Integrating genetic and proteomic data to elucidate the association between immune system and blood-brain barrier dysfunction with multiple sclerosis risk and severity,"Sun, D; Wang, R; Du, Q; Chen, H; Shi, Z; Zhang, Y; Zhang, N; Wang, X; Zhou, H",Journal of Affective Disorders,2024,39029667
Insights into the interplay between Epstein‐Barr virus (EBV) and multiple sclerosis (MS): A state‐of‐the‐art review and implications for vaccine development,"Mohammadzamani, M; Kazemzadeh, K; Chand, S; Thapa, S; Ebrahimi, N; Yazdan Panah, M; Shaygannejad, V; Mirmosayyeb, O",Health Science Reports,2024,38361801
Increased EBNA1-specific antibody response in primary-progressive multiple sclerosis,"Comabella, M; Hegen, H … Montalban, X; Lünemann, JD",Journal of Neurology,2024,39666032
"In-depth analysis of serum antibodies against Epstein-Barr virus lifecycle proteins, and EBNA1, ANO2, GlialCAM and CRYAB peptides in patients with multiple sclerosis","Vasilenko, N; Tieck, MP … Dulovic, A; Kowarik, MC",Frontiers in Immunology,2024,39742283
"In the era of antiviral trials for MS, the answer lies in the details","Drosu, N; Bjornevik, K; Bilodeau, PA; Yeh, A; Lechner-Scott, J; Hawkes, CH; Giovannoni, G; Levy, M",Multiple Sclerosis and Related Disorders,2024,38241758
Impact of coding risk variant IFNGR2 on the B cell-intrinsic IFN-γ signaling pathway in multiple sclerosis,"Bogers, L; Rip, J; Rijvers, L; van Langelaar, J; Koetzier, SC; Kuiper, KL; Meerdink, V; Wierenga-Wolf, AF; Melief, M; Marques, AM; Smolders, J; van Luijn, MM",Journal of Autoimmunity,2024,
Immune control of human γ-herpes infections,"Münz, C",Seminars in Arthritis and Rheumatism,2024,38007361
Immune Modulation by Epstein-Barr Virus Lytic Cycle: Relevance and Implication in Oncogenesis,"Todorović, N; Ambrosio, MR; Amedei, A",Pathogens,2024,39452747
How to and should we target EBV in MS?,"Eckert, S; Jakimovski, D; Zivadinov, R; Hicar, M; Weinstock-Guttman, B",Expert Review of Clinical Immunology,2024,38477887
Hitting Epstein Barr virus where it hurts: computational methods exploration for siRNA therapy in alleviating Epstein Barr virus-induced multiple sclerosis,"Ojo, TO; Elegbeleye, OE; Bolaji, OQ; Adelusi, TI; Oladipo, EK; Olawuyi, MO; Afolayan, BO; Oyaronbi, AO; Ogunjobi, TT; Oyewole, MP; Folorunso, KP; Ogunlana, AT",Neurogenetics,2024,38809364
High heterogeneity of cross-reactive immunoglobulins in multiple sclerosis presumes combining of B-cell epitopes for diagnostics: a case-control study,"Ovchinnikova, LA; Eliseev, IE; Dzhelad, SS; Simaniv, TO; Klimina, KM; Ivanova, M; Ilina, EN; Zakharova, MN; Illarioshkin, SN; Rubtsov, YP; Gabibov, AG; Lomakin, YA",Frontiers in Immunology,2024,39669579
Heightened Epstein-Barr virus immunity and potential cross-reactivities in multiple sclerosis,"Thomas, OG; Haigh, TA; Croom-Carter, D; Leese, A; Van Wijck, Y; Douglas, MR; Rickinson, A; Brooks, JM; Taylor, GS",PLOS Pathogens,2024,38843296
Greater humoral EBV response may be associated with choroid plexus inflammation in progressive MS,"Jakimovski, D; Zivadinov, R; Ramanathan, M; Weinstock-Guttman, B; Tavazzi, E; Dwyer, MG; Bergsland, N",Journal of NeuroVirology,2024,
Global perspectives on the contribution of B cells to multiple sclerosis: an in-depth examination and evaluation,"Jiang, X; Zhang, H; Liu, Y; Sun, B; Mu, G",Frontiers in Immunology,2024,39611149
Germinal center cytokine driven epigenetic control of Epstein-Barr virus latency gene expression,"Liao, Y; Yan, J; Beri, NR; Giulino-Roth, L; Cesarman, E; Gewurz, BE",PLOS Pathogens,2024,
Genetics of immune response to Epstein-Barr virus: prospects for multiple sclerosis pathogenesis,"Huang, J; Tengvall, K … Olsson, T; Kockum, I",Brain,2024,
Gene-environment interactions: Epstein-Barr virus infection and risk of pediatric-onset multiple sclerosis,"Ziaei, A; Solomon, O … Barcellos, LF; Waubant, E",Multiple Sclerosis Journal,2024,
From progression to progress: The future of multiple sclerosis,"Oh, J; Giacomini, PS; Yong, VW; Costello, F; Blanchette, F; Freedman, MS",Journal of Central Nervous System Disease,2024,
FROM BENCH TO BEDSIDE: A SNAIL IN TREACLE?,"Hawkes, CH; Giovannoni, G; Lechner-Scott, J; Levy, M; Yeh, A",Multiple Sclerosis and Related Disorders,2024,39406046
Expanded T lymphocytes in the cerebrospinal fluid of multiple sclerosis patients are specific for Epstein-Barr-virus-infected B cells,"Gottlieb, A; Pham, HPT; Saltarrelli, JG; Lindsey, JW",Proceedings of the National Academy of Sciences,2024,38190525
Evaluating the Clinical Utility of Epstein-Barr Virus Antibodies as Biomarkers in Multiple Sclerosis: A Systematic Review,"Bose, A; Khalighinejad, F; Hoaglin, DC; Hemond, CC",Multiple Sclerosis and Related Disorders,2024,
Epstein-Barr virus-encoded BART9 and BART15 miRNAs are elevated in exosomes of cerebrospinal fluid from relapsing-remitting multiple sclerosis patients,"Mohammadinasr, M; Montazersaheb, S; Hosseini, V; Kahroba, H; Talebi, M; Molavi, O; Ayromlou, H; Hejazi, MS",Cytokine,2024,
"Epstein-Barr virus, vitamin D and the immune response: connections with consequences for multiple sclerosis","Rasheed, A; Khan, G",Frontiers in Immunology,2024,39763665
"Epstein-Barr virus reactivation induces divergent abortive, reprogrammed, and host shutoff states by lytic progression","SoRelle, ED; Haynes, LE; Willard, KA; Chang, B; Ch’ng, J; Christofk, H; Luftig, MA",PLOS Pathogens,2024,39446925
Epstein-Barr virus infection in patients with MOGAD,"Maniscalco, GT; Dinoto, A … Andreone, V; Mariotto, S",Multiple Sclerosis Journal,2024,39668776
Epstein-Barr virus flare: A multiple sclerosis attack,"Msheik, AN; Al Mokdad, Z; Hamed, F; Assi, F; Jibbawi, A; Saad, J; Mohanna, R; Khoury, A; Farhat, M; Atat, R",Surgical Neurology International,2024,39524581
Epstein-Barr virus as a potentiator of autoimmune diseases,"Robinson, WH; Younis, S; Love, ZZ; Steinman, L; Lanz, TV",Nature Reviews Rheumatology,2024,39562522
Epstein-Barr nuclear antigen 1 antibody-based indices are increased in patients with multiple sclerosis,"Ali, R; Trier, NH; Houen, G; Frederiksen, JL",Multiple Sclerosis and Related Disorders,2024,
Epstein-Barr Viruses: Their Immune Evasion Strategies and Implications for Autoimmune Diseases,"Zhao, Y; Zhang, Q; Zhang, B; Dai, Y; Gao, Y; Li, C; Yu, Y; Li, C",International Journal of Molecular Sciences,2024,39125729
Epstein-Barr Virus in the Cerebrospinal Fluid and Blood Compartments of Patients With Multiple Sclerosis and Controls,"Lehikoinen, J; Nurmi, K; Ainola, M; Clancy, J; Nieminen, JK; Jansson, L; Vauhkonen, H; Vaheri, A; Smura, T; Laakso, SM; Eklund, KK; Tienari, PJ",Neurology Neuroimmunology & Neuroinflammation,2024,38608226
"Epstein-Barr Virus Strongly Associates With Pediatric Multiple Sclerosis, But Not Myelin Oligodendrocyte Glycoprotein‐Antibody‐Associated Disease","Fadda, G; Yea, C; O'Mahony, J; Waters, P; Yeh, EA; Marrie, RA; Arnold, D; Bar‐Or, A; Banwell, B; -",Annals of Neurology,2024,
Epstein - Barr Virus Salivary Shedding in Patients with Acute Infectious Diseases: A Pilot Study,"Skuhala, T; Židovec-Lepej, S; Trkulja, V; Radmanić, L; Đaković Rode, O; Špiljak, B; Šimunović, L; Rimac, M; Dragobratović, A",Acta Stomatologica Croatica,2024,38562219
Epidemiologic Associations Between Inflammatory Bowel Disease and Hodgkin Lymphoma or Multiple Sclerosis,"Sonnenberg, A; Kohen, R",Gastro Hep Advances,2024,
"Environmental multiple sclerosis (MS) risk factors, genetic MS risk, and brain development in a general paediatric population","de Mol, CL; Lamballais, S; Muetzel, R; Duijts, L; Smolders, J; White, T; Neuteboom, RF","Journal of Neurology, Neurosurgery & Psychiatry",2024,
Environmental factors related to multiple sclerosis progression,"Gouider, R; Souissi, A; Mrabet, S; Gharbi, A; Abida, Y; Kacem, I; Gargouri-Berrechid, A",Journal of the Neurological Sciences,2024,39137699
Enhanced and cross-reactive in vitro memory B cell response against Epstein-Barr virus nuclear antigen 1 in multiple sclerosis,"Marti, Z; Ruder, J; Thomas, OG; Bronge, M; De La Parra Soto, L; Grönlund, H; Olsson, T; Martin, R",Frontiers in Immunology,2024,39257578
Editorial: Epstein-Barr Virus and multiple sclerosis,"Houen, G; Ruprecht, K",Frontiers in Immunology,2024,
"Editorial: Community series in reassessing the immune system contribution in multiple sclerosis: therapeutic target, biomarkers of disease and immune pathogenesis, volume II","Cencioni, MT; Villar, LM; Magliozzi, R",Frontiers in Immunology,2024,39555059
Early and late complications of hematopoietic stem cell transplantation,"Mikulska, M; Gualandi, F; Anserini, P",Handbook of Clinical Neurology,2024,39111905
EBV-specific T-cell immunity: relevance for multiple sclerosis,"Behrens, M; Comabella, M; Lünemann, JD",Frontiers in Immunology,2024,39776919
EBV infected cells in the multiple sclerosis brain express PD-L1: How the virus and its niche may escape immune surveillance,"Serafini, B; Benincasa, L; Rosicarelli, B; Aloisi, F",Journal of Neuroimmunology,2024,38422689
EBV and multiple sclerosis: expression of LMP2A in MS patients,"Agostini, S; Mancuso, R; Caputo, D; Rovaris, M; Clerici, M",Frontiers in Neuroscience,2024,38721048
EBNA-1 and VCA-p18 immunoglobulin markers link Epstein-Barr virus immune response and brain’s myelin content to fatigue in a community-dwelling cohort,"Gayer, M; Xu, ZM … Fellay, J; Draganski, B","Brain, Behavior, & Immunity - Health",2024,
Disease-Modifying Treatments for Multiple Sclerosis Affect Measures of Cellular Immune Responses to EBNA-1 Peptides,"Dungan, L; Dunne, J; Savio, M; Kalaszi, M; McElheron, M; Lynagh, Y; O'Driscoll, K; Roche, C; Qureshi, A; Crowley, B; Conlon, N; Kearney, H",Neurology Neuroimmunology & Neuroinflammation,2024,38547427
Development of a Panel of Biomarkers for Differential Diagnosis of Multiple Sclerosis,"Ovchinnikova, LA; Dzhelad, SS; Simaniv, TO; Zakharova, MN; Lomakin, YA; Gabibov, AG; Illarioshkin, SN",Doklady Biochemistry and Biophysics,2024,
Deciphering the Association of Epstein-Barr Virus and Its Glycoprotein M Peptide with Neuropathologies in Mice,"Rani, A; Patra, P; Verma, TP; Singh, A; Jain, AK; Jaiswal, N; Narang, S; Mittal, N; Parmar, HS; Jha, HC",ACS Chemical Neuroscience,2024,38436259
"Cytomegalovirus, Epstein-Barr Virus, Herpes Simplex Virus, and Varicella Zoster Virus Infection Dynamics in People with Multiple Sclerosis from Northern Italy","Maple, PA; Tanasescu, R; Constantinescu, CS; Valentino, P; Capobianco, M; D’Orso, S; Borsellino, G; Battistini, L; Ristori, G; Mechelli, R; Salvetti, M; Gran, B",Pathogens,2024,
Cytomegalovirus immune responses are associated with lower serum NfL and disability accumulation risk at multiple sclerosis onset,"Lünemann, JD; Sao Avilés, A; Tintoré, M; Midaglia, L; Fissolo, N; Gutiérrez, L; Wiendl, H; Montalban, X; Comabella, M",Multiple Sclerosis Journal,2024,39246021
"Current knowledge on multiple sclerosis pathophysiology, disability progression assessment and treatment options, and the role of autologous hematopoietic stem cell transplantation","Gakis, G; Angelopoulos, I; Panagoulias, I; Mouzaki, A",Autoimmunity Reviews,2024,38008300
Coeliac disease as a model for understanding multiple sclerosis,"Drosu, N; Bjornevik, K; Cortese, M; Levy, M; Sollid, LM",Nature Reviews Neurology,2024,
CD4 T cells restricted to DRB1*15:01 recognize two Epstein-Barr virus glycoproteins capable of intracellular antigen presentation,"Drosu, N; Anderson, M; Bilodeau, PA; Nishiyama, S; Mikami, T; Bobrowski-Khoury, N; Cabot, J; Housman, D; Levy, M",Proceedings of the National Academy of Sciences,2024,
Broader anti-EBV TCR repertoire in multiple sclerosis: disease specificity and treatment modulation,"Schneider-Hohendorf, T; Wünsch, C … Wiendl, H; Schwab, N",Brain,2024,39021292
Auto-immuno-deficiency syndromes,"Houen, G",Autoimmunity Reviews,2024,
Antiviral therapy with tenofovir in MS,"Torkildsen; Myhr, K; Brugger-Synnes, P; Bjørnevik, K",Multiple Sclerosis and Related Disorders,2024,
Antigen specificity of clonally-enriched CD8+ T cells in multiple sclerosis,"Mittl, K; Hayashi, F … Zamvil, SS; Sabatino, JJ",bioRxiv : the preprint server for biology,2024,39282370
An updated advancement of bifunctional IL-27 in inflammatory autoimmune diseases,"Xu, W; Wang, D; Zhao, M; Huang, A",Frontiers in Immunology,2024,
An insect cell-derived extracellular vesicle-based gB vaccine elicits robust adaptive immune responses against Epstein-Barr virus,"Wu, Q; Chen, K; Xue, W; Wang, G; Yang, Y; Li, S; Xia, N; Chen, Y",Science China Life Sciences,2024,39499444
Altered EBV specific immune control in multiple sclerosis,"Münz, C",Journal of Neuroimmunology,2024,38615370
Adverse Childhood Experiences and the Risk of Multiple Sclerosis Development: A Review of Potential Mechanisms,"Eid, K; Bjørk, M; Gilhus, NE; Torkildsen",International Journal of Molecular Sciences,2024,38338799
Accumulation of Epstein-Barr virus-induced cross-reactive immune responses is associated with multiple sclerosis,"Vietzen, H; Kühner, LM; Berger, SM; Furlano, PL; Bsteh, G; Berger, T; Rommer, P; Puchhammer-Stöckl, E",Journal of Clinical Investigation,2024,39484720
A two-years real-word study with fingolimod: early predictors of efficacy and an association between EBNA-1 IgG titers and multiple sclerosis progression,"Dominguez-Mozo, MI; Galán, V; Ramió-Torrentà, L; Quiroga, A; Quintana, E; Villar, LM; Costa-Frossard, L; Fernández-Velasco, JI; Villarrubia, N; Garcia-Martinez, MA; Arroyo, R; Alvarez-Lafuente, R",Frontiers in Immunology,2024,
Virus exposure and neurodegenerative disease risk across national biobanks,"Levine, KS; Leonard, HL; Blauwendraat, C; Iwaki, H; Johnson, N; Bandres-Ciga, S; Ferrucci, L; Faghri, F; Singleton, AB; Nalls, MA",Neuron,2023,36669485
Virological Markers in Epstein-Barr Virus-Associated Diseases,"Lupo, J; Truffot, A; Andreani, J; Habib, M; Epaulard, O; Morand, P; Germi, R",Viruses,2023,36992365
Unusual X chromosome inactivation maintenance in female alveolar type 2 cells is correlated with increased numbers of X-linked escape genes and sex-biased gene expression,"Sierra, I; Pyfrom, S; Weiner, A; Zhao, G; Driscoll, A; Yu, X; Gregory, BD; Vaughan, AE; Anguera, MC",Stem Cell Reports,2023,36638790
Unstable EBV latency drives inflammation in multiple sclerosis patient derived spontaneous B cells,"Soldan, S; Su, C … Jacobson, S; Lieberman, P",Research square,2023,36778367
Unraveling the Connection of Epstein-Barr Virus and Its Glycoprotein M146-157 Peptide with Neurological Ailments,"Patra, P; Rani, A; Sharma, N; Mukherjee, C; Jha, HC",ACS Chemical Neuroscience,2023,37290090
Unleashing the power of anti-CD20 immunotherapy: Mitigating multiple sclerosis risk in Epstein-Barr virus latent infections,"Alrashoudi, R",Advances in Clinical and Experimental Medicine,2023,38085006
Understanding the role of membrane cholesterol upon Epstein Barr virus infection in astroglial cells,"Rani, A; Tanwar, M; Verma, TP; Patra, P; Trivedi, P; Kumar, R; Jha, HC",Frontiers in Immunology,2023,37876925
Treatment Options for Epstein-Barr Virus-Related Disorders of the Central Nervous System,"Andersen, O; Ernberg, I; Hedström, AK",Infection and Drug Resistance,2023,37465179
Toll-like receptor 10 is down-regulated in serum of patients with relapsing-remitting multiple sclerosis but not associated with Epstein-Barr virus,"Atiyah, NS; Fadhil, HY; Ad’hiah, AH",Journal of NeuroVirology,2023,36934201
Tissue-resident memory T cells in the multiple sclerosis brain and their relationship to Epstein-Barr virus infected B cells,"Serafini, B; Rosicarelli, B; Veroni, C; Aloisi, F",Journal of Neuroimmunology,2023,36753806
The value of Interferon β in multiple sclerosis and novel opportunities for its anti-viral activity: a narrative literature review,"Bellucci, G; Albanese, A; Rizzi, C; Rinaldi, V; Salvetti, M; Ristori, G",Frontiers in Immunology,2023,37334371
The repertoire of CSF antiviral antibodies in patients with neuroinflammatory diseases,"Enose-Akahata, Y; Wang, L; Almsned, F; Johnson, KR; Mina, Y; Ohayon, J; Wang, XW; Jacobson, S",Science Advances,2023,36598996
The pathogenesis of multiple sclerosis: a series of unfortunate events,"van Noort, JM; Baker, D; Kipp, M; Amor, S",Clinical and Experimental Immunology,2023,37410892
The interaction between Epstein-Barr virus and multiple sclerosis genetic risk loci: insights into disease pathogenesis and therapeutic opportunities,"Afrasiabi, A; Ahlenstiel, C; Swaminathan, S; Parnell, GP",Clinical & Translational Immunology,2023,37337612
"The identification, adaptive evolutionary analyses and mRNA expression levels of homeobox (hox) genes in the Chinese mitten crab Eriocheir sinensis.","Chen, S; Jiang, X; Xia, L; Chen, Z; Zhou, K; Yan, J; Li, P",BMC genomics,2023,37537567
The elusive nature of the oligoclonal bands in multiple sclerosis,"Kennedy, PGE; George, W; Yu, X",Journal of Neurology,2023,37945762
The concentrations of antibodies to Epstein-Barr virus decrease during ocrelizumab treatment,"Pham, HPT; Saroukhani, S; Lindsey, JW",Multiple Sclerosis and Related Disorders,2023,36603289
The association between various viral infections and multiple sclerosis: An umbrella review on systematic review and meta‐analysis,"Bakhshi, A; Eslami, N; Norouzi, N; Letafatkar, N; Amini‐Salehi, E; Hassanipour, S",Reviews in Medical Virology,2023,
The Role of Microorganisms in the Etiopathogenesis of Demyelinating Diseases,"Frau, J; Coghe, G; Lorefice, L; Fenu, G; Cocco, E",Life,2023,
The Probable Infectious Origin of Multiple Sclerosis,"Landry, RL; Embers, ME",NeuroSci,2023,39483197
Teriflunomide and Epstein-Barr virus in a Spanish multiple sclerosis cohort: in vivo antiviral activity and clinical response,"Domínguez-Mozo, MI; González-Suárez, I … Arroyo, R; Álvarez-Lafuente, R",Frontiers in Immunology,2023,
"Specific antibodies to EBNA1 epitopes as risk factors for multiple sclerosis, a systematic review","Roshan, HM; Valadan, R; Hosseini, SA; Ajami, A",Journal of Neuroimmunology,2023,
"Socioeconomic, Clinical, and Laboratory Parameters Differentiating Pediatric Patients With MOG Antibody-Associated Disease and Multiple Sclerosis","Florenzo, B; Brenton, JN",Journal of Child Neurology,2023,37122175
Similar geographic distributions of death rates from inflammatory bowel disease and Hodgkin lymphoma or multiple sclerosis,"Sonnenberg, A",United European Gastroenterology Journal,2023,39070198
"Seroreactivity against lytic, latent and possible cross-reactive EBV antigens appears on average 10 years before MS induced preclinical neuroaxonal damage","Jons, D; Grut, V … Sundström, P; Andersen, O","Journal of Neurology, Neurosurgery & Psychiatry",2023,
Roadmap for understanding mechanisms on how Epstein-Barr virus triggers multiple sclerosis and for translating these discoveries in clinical trials,"Lanz, TV; Robinson, WH; Ho, PP; Steinman, L",Clinical & Translational Immunology,2023,
Risk of a first clinical diagnosis of central nervous system demyelination in relation to human herpesviruses in the context of Epstein-Barr virus,"Lucas, RM; Lay, MJ; Grant, J; Cherbuin, N; Toi, CS; Dear, K; Taylor, BV; Dwyer, DE; -; Ponsonby, A",European Journal of Neurology,2023,
Risk factors for multiple sclerosis in the context of Epstein-Barr virus infection,"Hedström, AK",Frontiers in Immunology,2023,37554326
Risk HLA Variants Affect the T-Cell Repertoire in Multiple Sclerosis,"Sorosina, M; Santoro, S; Ferrè, L; Mascia, E; Clarelli, F; Giordano, A; Cannizzaro, M; Lucia, M; Martinelli, V; Filippi, M; Esposito, F",Neurology Neuroimmunology & Neuroinflammation,2023,36792371
Recent advances in understanding the pathogenesis and biological treatment of multiple sclerosis,"BUC, M",Bratislava Medical Journal,2023,37983285
Pathogenic role of autoantibodies at the ependyma in autoimmune disorders of the central nervous system,"Bigotte, M; Groh, AMR; Marignier, R; Stratton, JA",Frontiers in Cellular Neuroscience,2023,37771929
Ocrelizumab Impairs the Phenotype and Function of Memory CD8 + T Cells,"Mathias, A; Pantazou, V; Perriot, S; Canales, M; Jones, S; Oberholster, L; Moulin, M; Fenwick, C; Bernard-Valnet, R; Théaudin, M; Pot, C; Du Pasquier, RA",Neurology Neuroimmunology & Neuroinflammation,2023,
Non-overlapping epitopes on the gHgL-gp42 complex for the rational design of a triple-antibody cocktail against EBV infection,"Hong, J; Zhong, L … Zhang, X; Xia, N",Cell Reports Medicine,2023,37992686
Neurologie : ce qui a changé en 2022,"Bouvy, C; Caranzano, L … Théaudin, M; Du Pasquier, R",Revue Médicale Suisse,2023,36660836
Multiple Sclerosis Pathogenesis: Possible Interplay between Vitamin D Status and Epstein Barr Virus Infection,"Bivona, G; Scazzone, C; Sasso, BL; Giglio, RV; Gambino, CM; Agnello, L; Ciaccio, M",Journal of Integrative Neuroscience,2023,36722238
Multiple Sclerosis Pathogenesis and Updates in Targeted Therapeutic Approaches,"Vasileiou, ES; Fitzgerald, KC",Current Allergy and Asthma Reports,2023,37402064
Mimicking the brain: Epstein-Barr virus and foreign agents as drivers of neuroimmune attack in multiple sclerosis,"Thomas, OG; Olsson, T",Frontiers in Immunology,2023,38022632
Migraine and multiple sclerosis: The final answer?,"Hawkes, CH; Giovannoni, G; Lechner-Scott, J; Levy, M; Yeh, A",Multiple Sclerosis and Related Disorders,2023,37270888
Microbiota markers level in the blood and cerebrospinal fluid of patients with different types of multiple sclerosis and radiologically isolated syndrome,"Omarova, M; Rogovskii, V; Sadekov, T; Sadekova, G; Zhilenkova, O; Boyko, A",S.S. Korsakov Journal of Neurology and Psychiatry,2023,37560841
Mendelian randomisation identifies priority groups for prophylactic EBV vaccination,"Muckian, MD; Wilson, JF; Taylor, GS; Stagg, HR; Pirastu, N",BMC Infectious Diseases,2023,36737699
Markers of Epstein-Barr Virus Infection in Patients with Multiple Sclerosis,"Debuysschere, C; Nekoua, MP; Hober, D",Microorganisms,2023,37317236
Lymph node targeted multi-epitope subunit vaccine promotes effective immunity to EBV in HLA-expressing mice,"Dasari, V; McNeil, LK … DeMuth, PC; Khanna, R",Nature Communications,2023,37553346
Is there a role for herpes simplex virus type 1 in multiple sclerosis?,"Duarte, LF; Gatica, S; Castillo, A; Kalergis, AM; Bueno, SM; Riedel, CA; González, PA",Microbes and Infection,2023,
Is multiple sclerosis a glymphaticopathy?,"Alghanimy, AA; Giovannoni, G; Lechner-Scott, J; Levy, M; Yeh, EA; Hawkes, CH",Multiple Sclerosis and Related Disorders,2023,
Investigating the potential link between lunar cycle and multiple sclerosis relapses: a call for further studies,"Yousfi, N; Mrabet, S; Ben Saad, H; Chamari, K",Libyan Journal of Medicine,2023,
Interferon β1a treatment does not influence serum Epstein-Barr virus antibodies in patients with multiple sclerosis,"Lie, IA; Rød, BE; Kvistad, SS; Holmøy, T; Myhr, K; Torkildsen; Wergeland, S",Multiple Sclerosis and Related Disorders,2023,36701908
Interaction of the viral infectious agents in the development and exacerbation of the multiple sclerosis,"Mahdavi, S; Ozma, M; Azadi, A; Sadeghi, J; Bannazadeh, BH; Ahangar, OM",Infezioni in Medicina,2023,38075420
Inflammation and Epstein-Barr Virus at the Crossroads of Multiple Sclerosis and Post-Acute Sequelae of COVID-19 Infection,"Rousseau, BA; Bhaduri-McIntosh, S",Viruses,2023,37112929
Infectious mononucleosis is associated with an increased incidence of Crohn’s disease: results from a cohort study of 31 862 outpatients in Germany,"Loosen, SH; Kostev, K; Schöler, D; Orth, H; Freise, NF; Jensen, BO; May, P; Bode, JG; Roderburg, C; Luedde, T",European Journal of Gastroenterology & Hepatology,2023,
Ineffective control of Epstein-Barr-virus-induced autoimmunity increases the risk for multiple sclerosis,"Vietzen, H; Berger, SM; Kühner, LM; Furlano, PL; Bsteh, G; Berger, T; Rommer, P; Puchhammer-Stöckl, E",Cell,2023,38091993
Increased Risk for Acute Periapical Abscesses in Multiple Sclerosis Patients and the Possible Association with Epstein-Barr Virus,"Rotstein, I; Katz, J",Journal of Endodontics,2023,
In vitro Effect of EBV Infection on HERV-K18 env Expression in the Presence and Absence of Vitamin D in Multiple Sclerosis Patients.,"Latifi, T; Teymoori-Rad, M; Nejati, A; Shahmahmoodi, S; Rezaei, F; Marashi, S",Iranian biomedical journal,2023,38468371
Immunoglobulin γ marker genes as effect modifiers of Epstein-Barr virus‐multiple sclerosis association,"Pandey, JP",Immunology,2023,
Humoral response to Epstein-Barr virus in patients with multiple sclerosis treated with B cell depletion therapy,"Rød, BE; Wergeland, S; Bjørnevik, K; Holmøy, T; Ulvestad, E; Njølstad, G; Myhr, K; Torkildsen",Multiple Sclerosis and Related Disorders,2023,37804765
Human herpesvirus 6A and axonal injury before the clinical onset of multiple sclerosis,"Grut, V; Biström, M … Nilsson, S; Sundström, P",Brain,2023,37930324
"Higher frequency of Human herpesvirus-6 (HHV-6) viral DNA simultaneously with low frequency of Epstein-Barr virus (EBV) viral DNA in a cohort of multiple sclerosis patients from Rio de Janeiro, Brazil","Pereira, JG; Leon, LAA; de Almeida, NAA; Raposo-Vedovi, JV; Fontes-Dantas, FL; Farinhas, JGD; Pereira, VCSR; Alves-Leon, SV; de Paula, VS",Multiple Sclerosis and Related Disorders,2023,
High Epstein-Barr virus capsid antigen IgG level associates with the carriership of CD8+ T cell somatic mutations in the STAT3 SH2 domain,"Lehikoinen, J; Valori, M; Jääskeläinen, AJ; Laakso, SM; Arstila, TP; Tienari, PJ",Clinical Immunology,2023,37572949
From bedside to bench: how existing therapies inform the relationship between Epstein-Barr virus and multiple sclerosis,"Dyer, Z; Tscharke, D; Sutton, I; Massey, J",Clinical & Translational Immunology,2023,36844913
From Animal Models to Clinical Trials: The Potential of Antimicrobials in Multiple Sclerosis Treatment,"Raghib, MF; Bernitsas, E",Biomedicines,2023,38002068
Factors associated with depressive mood at the onset of multiple sclerosis - an analysis of 781 patients of the German NationMS cohort,"Salmen, A; Hoepner, R … Zipp, F; Gold, R",Therapeutic Advances in Neurological Disorders,2023,37692259
Exploring the cost-effectiveness of EBV vaccination to prevent multiple sclerosis in an Australian setting,"Palmer, AJ; Zhao, T; Taylor, BV; van der Mei, I; Campbell, JA","Journal of Neurology, Neurosurgery & Psychiatry",2023,
"Experimental encephalomyelitis at age 90, still relevant and elucidating how viruses trigger disease","Steinman, L; Patarca, R; Haseltine, W",Journal of Experimental Medicine,2023,
Evaluation of the prevalence of bovine leukemia virus DNA in peripheral blood mononuclear cells of multiple sclerosis patients,"Jeda, AS; Zarei, A; Ghabeshi, S; Tabibzadeh, A; Lotfi, M; Etemadifar, M; Niya, MHK; Ghorbanlou, M; Esghaei, M",IJID Regions,2023,37351152
Epstein-Barr virus as a leading cause of multiple sclerosis: mechanisms and implications,"Bjornevik, K; Münz, C; Cohen, JI; Ascherio, A",Nature Reviews Neurology,2023,36759741
Epstein-Barr virus as a cause of multiple sclerosis: opportunities for prevention and therapy,"Aloisi, F; Giovannoni, G; Salvetti, M",The Lancet Neurology,2023,36764322
Epstein-Barr virus and multiple sclerosis: the dawn of a new age,"Phan, TG",Clinical & Translational Immunology,2023,
Epstein-Barr virus and multiple sclerosis: moving from questions of association to questions of mechanism,"Thomas, OG; Rickinson, A; Palendira, U",Clinical & Translational Immunology,2023,
Epstein-Barr virus and genetic risk variants as determinants of T-bet+ B cell-driven autoimmune diseases,"Bogers, L; Kuiper, KL; Smolders, J; Rip, J; van Luijn, MM",Immunology Letters,2023,37451321
Epstein-Barr Virus-Positive Lymphomas Exploit Ectonucleotidase Activity To Limit Immune Responses and Prevent Cell Death,"Lange, PT; Damania, B",mBio,2023,36786572
Epstein-Barr Virus and Multiple Sclerosis: A Convoluted Interaction and the Opportunity to Unravel Predictive Biomarkers,"Ortega-Hernandez, O; Martínez-Cáceres, EM; Presas-Rodríguez, S; Ramo-Tello, C",International Journal of Molecular Sciences,2023,37108566
Epstein-Barr Virus and Human Endogenous Retrovirus in Japanese Patients with Autoimmune Demyelinating Disorders,"Cossu, D; Tomizawa, Y; Sechi, LA; Hattori, N",International Journal of Molecular Sciences,2023,38138980
Epstein Barr Virus and Multiple Sclerosis: Is a Cure Possible?,"Benoit, RY; Moore, CS",Viral Immunology,2023,
Epigallocatechin Gallate: A Multifaceted Molecule for Neurological Disorders and Neurotropic Viral Infections,"Rani, A; Saini, V; Patra, P; Prashar, T; Pandey, RK; Mishra, A; Jha, HC",ACS Chemical Neuroscience,2023,37590965
Epidemiological and mechanistic links between Epstein-Barr virus and multiple sclerosis,"SATO, Y",Uirusu,2023,39343549
Editorial: Environmental factors influencing the immune functions during multiple sclerosis,"Smolders, J; Steelman, AJ; Inoue, M",Frontiers in Immunology,2023,36793707
EBV and MS: The evidence is growing stronger,"Farrell, PJ",Cell,2023,38134873
EBV and Lymphomagenesis,"Sausen, DG; Basith, A; Muqeemuddin, S",Cancers,2023,37046794
EBNA1 Inhibitors Block Proliferation of Spontaneous Lymphoblastoid Cell Lines From Patients With Multiple Sclerosis and Healthy Controls,"Monaco, MCG; Soldan, SS … Lieberman, PM; Jacobson, S",Neurology Neuroimmunology & Neuroinflammation,2023,37562974
Diversification and expansion of the EBV-reactive cytotoxic T lymphocyte repertoire following autologous haematopoietic stem cell transplant for multiple sclerosis,"Massey, J; Artuz, C; Dyer, Z; Jackson, K; Khoo, M; Visweswaran, M; Withers, B; Moore, J; Ma, D; Sutton, I",Clinical Immunology,2023,37495004
Dimethyl Fumarate Treatment Reduces the Amount but Not the Avidity of the Epstein-Barr Virus Capsid-Antigen-Specific Antibody Response in Multiple Sclerosis: A Pilot Study,"Castellazzi, M; Ferri, C; Piola, A; Permunian, S; Buscemi, G; Laudisi, M; Baldi, E; Pugliatti, M",International Journal of Molecular Sciences,2023,36675014
Cross-reactive EBNA1 immunity targets alpha-crystallin B and is associated with multiple sclerosis,"Thomas, OG; Bronge, M … Olsson, T; Kockum, I",Science Advances,2023,37196088
COVID-19 and Multiple Sclerosis: A Complex Relationship Possibly Aggravated by Low Vitamin D Levels,"Fernandes de Souza, WD; Fonseca, DMd; Sartori, A",Cells,2023,
Association of Epstein-Barr Virus (EBV) and Human Endogenous Retroviruses (HERV) with Multiple Sclerosis in Northwest of Iran,"Mafi, S; Savadi Oskoee, D; Bannazadeh Baghi, H; Azadi, A; Ahangar Oskouee, M",International Journal of Inflammation,2023,
Association between human herpesviruses and multiple sclerosis: A systematic review and meta-analysis,"Khalesi, Z; Tamrchi, V … Kiani, SJ; Ghorbani, S",Microbial Pathogenesis,2023,36775211
"Association between atopic dermatitis, autoimmune illnesses, Epstein-Barr virus, and cytomegalovirus","Fuxench, ZCC; Mitra, N; Hoffstad, OJ; Phillips, EJ; Margolis, DJ",Archives of Dermatological Research,2023,37233764
Association analysis between symptomology and herpesvirus IgG antibody concentrations in myalgic encephalomyelitis/chronic fatigue syndrome (ME/CFS) and multiple sclerosis,"Domingues, TD; Malato, J … Lacerda, E; Sepúlveda, N",Heliyon,2023,37519635
"Anti‐EBV antibodies: Roles in diagnosis, pathogenesis, and antiviral therapy","Xie, C; Zhong, L; Bu, G; Zhao, G; Yuan, B; Liu, Y; Sun, C; Zeng, M",Journal of Medical Virology,2023,37212266
Antibody Content against Epstein-Barr Virus in Blood Extracellular Vesicles Correlates with Disease Activity and Brain Volume in Patients with Relapsing-Remitting Multiple Sclerosis,"Fernández-Fournier, M; López-Molina, M; Torres Iglesias, G; Botella, L; Chamorro, B; Laso-García, F; Puertas, I; Tallón Barranco, A; Otero-Ortega, L; Frank-García, A; Díez-Tejedor, E",International Journal of Molecular Sciences,2023,37762495
Antibodies to expanded virus antigen panels show elevated diagnostic sensitivities in multiple sclerosis and optic neuritis,"Gåsland, H; Trier, NH; Kyllesbech, C; Draborg, AH; Slibinskas, R; Ciplys, E; Frederiksen, JL; Houen, G",Immunology Letters,2023,36764611
An Updated Review of Epigenetic-Related Mechanisms and their Contribution to Multiple Sclerosis Disease,"Safaralizadeh, R; Eslahi, M; Nematbakhsh, N; Dastmalchi, N; Teimourian, S",CNS & Neurological Disorders - Drug Targets,2023,35043771
An Epstein-Barr virus protein interaction map reveals NLRP3 inflammasome evasion via MAVS UFMylation,"Yiu, SPT; Zerbe, C; Vanderwall, D; Huttlin, EL; Weekes, MP; Gewurz, BE",Molecular Cell,2023,37311461
After the Infection: A Survey of Pathogens and Non-communicable Human Disease,"Lape, M; Schnell, D; Parameswaran, S; Ernst, K; O’Connor, S; Salomonis, N; Martin, LJ; Harnett, BM; Kottyan, LC; Weirauch, MT",medRxiv : the preprint server for health sciences,2023,37745430
Adrenoceptors as potential target for add-on immunomodulatory therapy in multiple sclerosis,"Pilipović, I; Stojić-Vukanić, Z; Leposavić, G",Pharmacology & Therapeutics,2023,
Adoptive T‐cell therapy targeting Epstein-Barr virus as a treatment for multiple sclerosis,"Smith, C; Khanna, R",Clinical & Translational Immunology,2023,36960148
A phase 2a open-label clinical trial to determine the effect of famciclovir on EBV activity as measured by EBV shedding in the saliva of patients with multiple sclerosis,"Dobson, R; Holden, D; Vickaryous, N; Bestwick, J; George, K; Sayali, T; Bianchi, L; Wafa, M; Gold, J; Giovannoni, G",Multiple Sclerosis Journal,2023,38131621
mRNA-Based Vaccine Designing against Epstein-Barr Virus to Induce an Immune Response Using Immunoinformatic and Molecular Modelling Approaches,"Althurwi, HN; Alharthy, KM; Albaqami, FF; Altharawi, A; Javed, MR; Muhseen, ZT; Tahir ul Qamar, M",International Journal of Environmental Research and Public Health,2022,36293632
ggmsa: a visual exploration tool for multiple sequence alignment and associated data,"Zhou, L; Feng, T … Dai, Z; Yu, G",Briefings in Bioinformatics,2022,
ZEB1: Catalyst of immune escape during tumor metastasis,"Lu, J; Fei, F; Wu, C; Mei, J; Xu, J; Lu, P",Biomedicine & Pharmacotherapy,2022,36076506
What do animal models tell us about the role of EBV in the pathogenesis of multiple sclerosis?,"Hassani, A; Khan, G",Frontiers in Immunology,2022,36466898
Virus-specific antibody indices may supplement the total IgG index in diagnostics of multiple sclerosis,"Kyllesbech, C; Trier, N; Slibinskas, R; Ciplys, E; Tsakiri, A; Frederiksen, J; Houen, G",Journal of Neuroimmunology,2022,35477126
Viral Proteins with PxxP and PY Motifs May Play a Role in Multiple Sclerosis,"Pi, K; Sang, Y; Straus, SK",Viruses,2022,35215874
VirScan: High-throughput Profiling of Antiviral Antibody Epitopes,"Shrock, E; Shrock, C; Elledge, SJ",BIO-PROTOCOL,2022,35937932
Transcriptional and post-transcriptional regulation of checkpoint genes on the tumour side of the immunological synapse,"Dobosz, P; Stempor, PA; Ramírez Moreno, M; Bulgakova, NA",Heredity,2022,35459932
Thermodynamic and structural characterization of an EBV infected B-cell lymphoma transcriptome,"O’Leary, CA; Tompkins, VS; Rouse, WB; Nam, G; Moss, WN",NAR Genomics and Bioinformatics,2022,
Therapeutic Role of Vitamin D in Multiple Sclerosis: An Essentially Contested Concept,"Fatima, M; Lamis, A; Siddiqui, SW; Ashok, T; Patni, N; Fadiora, OE",Cureus,2022,
The role of the complement system in Multiple Sclerosis: A review,"Saez-Calveras, N; Stuve, O",Frontiers in Immunology,2022,36032156
"The role of human endogenous retroviruses (HERVs) in Multiple Sclerosis and the plausible interplay between HERVs, Epstein-Barr virus infection, and vitamin D","Latifi, T; Zebardast, A; Marashi, SM",Multiple Sclerosis and Related Disorders,2022,35158423
The gut microbiome molecular mimicry piece in the multiple sclerosis puzzle,"Elsayed, NS; Aston, P; Bayanagari, VR; Shukla, SK",Frontiers in Immunology,2022,36045671
The enigmatic links between Epstein-Barr virus infection and multiple sclerosis,"Tyler, KL",Journal of Clinical Investigation,2022,
The elimination of circulating Epstein-Barr virus infected B cells underlies anti-CD20 monoclonal antibody activity in multiple sclerosis: A hypothesis,"Berger, JR; Kakara, M",Multiple Sclerosis and Related Disorders,2022,35151986
The Potential for EBV Vaccines to Prevent Multiple Sclerosis,"Maple, PA; Ascherio, A; Cohen, JI; Cutter, G; Giovannoni, G; Shannon-Lowe, C; Tanasescu, R; Gran, B",Frontiers in Neurology,2022,35812097
The Central Role of the Ubiquitin-Proteasome System in EBV-Mediated Oncogenesis,"Pei, Y; Robertson, ES",Cancers,2022,35158879
Tfh-cell-derived interleukin 21 sustains effector CD8+ T cell responses during chronic viral infection,"Zander, R; Kasmani, MY … Zajac, A; Cui, W",Immunity,2022,35216666
Targeting Protein Degradation Pathways in Tumors: Focusing on their Role in Hematological Malignancies,"Wolska-Washer, A; Smolewski, P",Cancers,2022,35954440
Targeting Epstein-Barr virus to treat MS,"Chitnis, T; Weiner, HL",Med,2022,35590190
TMEM106A inhibits enveloped virus release from cell surface,"Mao, D; Yan, F; Zhang, X; Gao, G",iScience,2022,35198896
Sublethal cytochrome c release generates drug-tolerant persister cells,"Kalkavan, H; Chen, MJ; Crawford, JC; Quarato, G; Fitzgerald, P; Tait, SW; Goding, CR; Green, DR",Cell,2022,36055199
Strong evidence that Epstein-Barr virus infection triggers multiple sclerosis,"Welberg, L",Nature Neuroscience,2022,35132232
"Similar Time Trends of Hodgkin Lymphoma, Multiple Sclerosis, and Inflammatory Bowel Disease","Sonnenberg, A",Digestive Diseases and Sciences,2022,36168073
Siblings reduce multiple sclerosis risk by preventing delayed primary Epstein-Barr virus infection,"Rostgaard, K; Nielsen, NM; Melbye, M; Frisch, M; Hjalgrim, H",Brain,2022,
Sex-Specific Environmental Impacts on Initiation and Progression of Multiple Sclerosis,"Leffler, J; Trend, S; Gorman, S; Hart, PH",Frontiers in Neurology,2022,35185777
Serum IgG levels to Epstein-Barr and measles viruses in patients with multiple sclerosis during natalizumab and interferon beta treatment,"Persson Berg, L; Eriksson, M; Longhi, S; Kockum, I; Warnke, C; Thomsson, E; Bäckström, M; Olsson, T; Fogdell-Hahn, A; Bergström, T",BMJ Neurology Open,2022,35978722
Seropositive Neuromyelitis Optica in a Case of Undiagnosed Ankylosing Spondylitis: A Neuro-Rheumatological Conundrum,"Ghosh MD, R; Roy, D; León-Ruiz, M; Das, S; Dubey, S; Benito-León, J",Qatar Medical Journal,2022,
Revisiting the antiviral theory to explain interferon-beta's effectiveness for relapsing multiple sclerosis,"Sedaghat, N; Etemadifar, M",Multiple Sclerosis and Related Disorders,2022,36116383
Reactivity of Rheumatoid Arthritis-Associated Citrulline-Dependent Antibodies to Epstein-Barr Virus Nuclear Antigen1-3,"Fanelli, I; Rovero, P; Hansen, PR; Frederiksen, JL; Houen, G; Trier, NH",Antibodies,2022,35323194
RUNX2 recruits the NuRD(MTA1)/CRL4B complex to promote breast cancer progression and bone metastasis,"Yin, X; Teng, X; Ma, T; Yang, T; Zhang, J; Huo, M; Liu, W; Yang, Y; Yuan, B; Yu, H; Huang, W; Wang, Y",Cell Death & Differentiation,2022,35534547
Quiescent cancer cells resist T cell attack by forming an immunosuppressive niche,"Baldominos, P; Barbera-Mourelle, A … Hemberg, M; Agudo, J",Cell,2022,35447074
"Prevention of MS Requires Intervention on the Causes of the Disease: Reconciling Genes, Epigenetics, and Epstein Barr Virus","Kearns, PKA",Frontiers in Neurology,2022,35273557
Pioneer transcription factors are associated with the modulation of DNA methylation patterns across cancers,"Lemma, RB; Fleischer, T; Martinsen, E; Ledsaak, M; Kristensen, V; Eskeland, R; Gabrielsen, OS; Mathelier, A",Epigenetics & Chromatin,2022,35440061
Nuclear receptor Nr1d1 alleviates asthma by abating GATA3 gene expression and Th2 cell differentiation,"Tiwari, D; Ahuja, N; Kumar, S; Kalra, R; Nanduri, R; Gupta, S; Khare, AK; Bhagyaraj, E; Arora, R; Gupta, P",Cellular and Molecular Life Sciences,2022,35596832
Nuclear Cytoskeleton in Virus Infection,"Horníková, L; Bruštíková, K; Huérfano, S; Forstová, J",International Journal of Molecular Sciences,2022,35009004
No evidence for an association between alcohol consumption and Multiple Sclerosis risk: a UK Biobank study,"Dreyer-Alster, S; Achiron, A; Giovannoni, G; Jacobs, BM; Dobson, R",Scientific Reports,2022,
New drugs for multiple sclerosis: new treatment algorithms,"Cree, BA; Hartung, H; Barnett, M",Current Opinion in Neurology,2022,35674067
New Evidence for Epstein-Barr Virus Infection as a Cause of Multiple Sclerosis,"Hacohen, Y; Ciccarelli, O",Neurology,2022,35145009
"Neurological Disease-Affected Patients, including Multiple Sclerosis, Are Poor Responders to BKPyV, a Human Polyomavirus","Bononi, I; Mazzoni, E; Pietrobon, S; Iaquinta, MR; Caselli, A; Torreggiani, E; Pugliatti, M; Casetta, I; Castellazzi, M; Granieri, E; Martini, F; Tognon, M",Journal of Immunology Research,2022,35928630
Multiple sclerosis risk variants influence the peripheral B‐cell compartment early in life in the general population,"de Mol, CL; van Luijn, MM; Kreft, KL; Looman, KIM; van Zelm, MC; White, T; Moll, HA; Smolders, J; Neuteboom, RF",European Journal of Neurology,2022,36169606
Multiple sclerosis genetic and non-genetic factors interact through the transient transcriptome,"Umeton, R; Bellucci, G … Salvetti, M; Ristori, G",Scientific Reports,2022,35534508
Mono a Mano: ZBP1’s Love-Hate Relationship with the Kissing Virus,"Herbert, A; Fedorov, A; Poptsova, M",International Journal of Molecular Sciences,2022,
Markers of Epstein-Barr virus and Human Herpesvirus-6 infection and multiple sclerosis clinical progression,"Tao, C; Simpson-Yap, S; Taylor, B; Blizzard, L; Lucas, R; Ponsonby, A; Broadley, S; van der Mei, I",Multiple Sclerosis and Related Disorders,2022,35131728
MOGandAQP4Antibodies among Children with Multiple Sclerosis and Controls,"Gaudioso, CM; Mar, S … Flanagan, EP; -",Annals of Neurology,2022,
MINI-review of Epstein-Barr virus involvement in multiple sclerosis etiology and pathogenesis,"Aloisi, F; Cross, AH",Journal of Neuroimmunology,2022,35931008
MED12 is overexpressed in glioblastoma patients and serves as an oncogene by targeting the VDR/BCL6/p53 axis,"Srivastava, S; Makala, H; Sharma, V; Suri, V; Sarkar, C; Kulshreshtha, R",Cellular and Molecular Life Sciences,2022,
Longitudinal analysis reveals high prevalence of Epstein-Barr virus associated with multiple sclerosis,"Bjornevik, K; Cortese, M; Healy, BC; Kuhle, J; Mina, MJ; Leng, Y; Elledge, SJ; Niebuhr, DW; Scher, AI; Munger, KL; Ascherio, A",Science,2022,35025605
Liquid Phase Partitioning in Virus Replication: Observations and Opportunities,"Wu, C; Holehouse, AS; Leung, DW; Amarasinghe, GK; Dutch, RE",Annual Review of Virology,2022,35709511
Linking Epstein-Barr virus infection to multiple sclerosis,"Bordon, Y",Nature Reviews Immunology,2022,35140366
Le virus d’Epstein-Barr,"Manet, E; Gruffat, H",médecine/sciences,2022,
Interrogation of cancer gene dependencies reveals paralog interactions of autosome and sex chromosome-encoded genes,"Köferle, A; Schlattl, A … Mair, B; Neumüller, RA",Cell Reports,2022,35417719
Influence of Type I Interferons in Gammaherpesvirus-68 and Its Influence on EAE Enhancement,"Márquez, AC; Croft, C; Shanina, I; Horwitz, MS",Frontiers in Immunology,2022,35874728
"Infectious mononucleosis is associated with an increased incidence of multiple sclerosis: Results from a cohort study of 32,116 outpatients in Germany","Loosen, SH; Doege, C; Meuth, SG; Luedde, T; Kostev, K; Roderburg, C",Frontiers in Immunology,2022,
Infectious agents breaking the immunological tolerance: The holy grail in rheumatoid arthritis reconsidered,"Gremese, E; Tolusso, B; Bruno, D; Alivernini, S; Ferraccioli, G",Autoimmunity Reviews,2022,35452849
Infection with Epstein Barr virus increases risk of multiple sclerosis,"Barnes, K",Communications Medicine,2022,35603285
Infection profile of immune-modulatory drugs used in autoimmune diseases: analysis of summary of product characteristic data,"Dey, M; Bechman, K; Zhao, S; Fragoulis, GE; Smith, C; Cope, A; Nikiphorou, E; Hyrich, KL; Galloway, J",RMD Open,2022,36418084
Increased expression of PD-1 in CD8 + CD3 + T cells correlates with EBV viral load in MS patients,"Najmadini, A; Mohammadi, MM; Langroudi, L; Meimand, HE; Mahmoodi, M; Mirzaei, M",Journal of NeuroVirology,2022,36243825
Increased cytomegalovirus immune responses at disease onset are protective in the long-term prognosis of patients with multiple sclerosis,"Comabella, M; Tintore, M; Sao Avilés, A; Carbonell-Mirabent, P; Malhotra, S; Rovira, A; Fissolo, N; Lünemann, JD; Montalban, X","Journal of Neurology, Neurosurgery & Psychiatry",2022,36344261
Immunogenicity of the Envelope Surface Unit of Human Endogenous Retrovirus K18 in Mice,"Ilse, V; Scholz, R; Wermann, M; Naumann, M; Staege, MS; Roßner, S; Cynis, H",International Journal of Molecular Sciences,2022,35955468
Immunization with a self-assembling nanoparticle vaccine displaying EBV gH/gL protects humanized mice against lethal viral challenge,"Malhi, H; Homad, LJ … King, NP; McGuire, AT",Cell Reports Medicine,2022,35705092
Identification of multiple sclerosis-related genes regulated by EBV-encoded microRNAs in B cells,"Rang, X; Liu, Y; Wang, J; Wang, Y; Xu, C; Fu, J",Multiple Sclerosis and Related Disorders,2022,
Identification of host-pathogen-disease relationships using a scalable multiplex serology platform in UK Biobank,"Mentzer, AJ; Brenner, N … Hill, AVS; Waterboer, T",Nature Communications,2022,35383168
IRF7 expression correlates with HIV latency reversal upon specific blockade of immune activation,"Ezeonwumelu, IJ; García-Vidal, E … Riveira-Muñoz, E; Ballana, E",Frontiers in Immunology,2022,36131914
Human Herpesvirus 6A Is a Risk Factor for Multiple Sclerosis,"Lundström, W; Gustafsson, R",Frontiers in Immunology,2022,
How does Epstein-Barr virus trigger MS?,"Kuchroo, VK; Weiner, HL",Immunity,2022,35263566
How Epstein-Barr virus envelope glycoprotein gp350 tricks the CR2? A molecular dynamics study,"Bingöl, EN; Taştekil, I; Yay, C; Keskin, N; Ozbek, P",Journal of Molecular Graphics and Modelling,2022,35500362
H3K36 dimethylation shapes the epigenetic interaction landscape by directing repressive chromatin modifications in embryonic stem cells,"Chen, H; Hu, B … Pastor, WA; Majewski, J",Genome Research,2022,35396277
Guilty by association: Epstein-Barr virus in multiple sclerosis,"Bar-Or, A; Banwell, B; Berger, JR; Lieberman, PM",Nature Medicine,2022,35538259
Genome-Wide ChIP-seq and RNA-seq Analyses of STAT3 Target Genes in TLRs Activated Human Peripheral Blood B Cells,"Wu, J; Jin, Y; Gong, R; Yang, F; Su, X; Chen, T",Frontiers in Immunology,2022,35345674
Gammaherpesvirus infection drives age-associated B cells toward pathogenicity in EAE and MS,"Mouat, IC; Allanach, JR; Fettig, NM; Fan, V; Girard, AM; Shanina, I; Osborne, LC; Vorobeychik, G; Horwitz, MS",Science Advances,2022,36427301
Family Herpesviridae and neuroinfections: current status and research in progress,"Carneiro, VCdS; Pereira, JG; de Paula, VS",Memórias do Instituto Oswaldo Cruz,2022,36417627
"Falling down the biological rabbit hole: Epstein-Barr virus, biography, and multiple sclerosis","Horwitz, RI; Hayes-Conroy, A; Singer, BH; Cullen, MR; Badal, K; Sim, I",Journal of Clinical Investigation,2022,36047497
Evaluation of IL-1β and IL-6 Expression following EBNA-1 and BRLF-1 Peptide Treatment in Epstein-Barr Virus-Positive Multiple Sclerosis Patients,"Kianfar, R; Ravanshad, M; Ghiass, MA; Rafiee, N; Shayeghpour, A; Maleki, A",Intervirology,2022,35158367
"Epstein-Barr virus, interleukin-10 and multiple sclerosis: A ménage à trois","Schönrich, G; Abdelaziz, MO; Raftery, MJ",Frontiers in Immunology,2022,
Epstein-Barr virus sparks brain autoimmunity in multiple sclerosis,"Wekerle, H",Nature,2022,35169323
Epstein-Barr virus perpetuates B cell germinal center dynamics and generation of autoimmune-associated phenotypes in vitro,"SoRelle, ED; Reinoso-Vizcaino, NM; Horn, GQ; Luftig, MA",Frontiers in Immunology,2022,36248899
Epstein-Barr virus infection: the leading cause of multiple sclerosis,"He, R; Du, Y; Wang, C",Signal Transduction and Targeted Therapy,2022,
"Epstein-Barr virus infection, B‐cell dysfunction and other risk factors converge in gut‐associated lymphoid tissue to drive the immunopathogenesis of multiple sclerosis: a hypothesis","Leffler, J; Trend, S; Hart, PH; French, MA",Clinical & Translational Immunology,2022,
Epstein-Barr virus gH/gL has multiple sites of vulnerability for virus neutralization and fusion inhibition,"Chen, W; Kim, J … Joyce, MG; Cohen, JI",Immunity,2022,
Epstein-Barr virus as a driver of multiple sclerosis,"Sollid, LM",Science Immunology,2022,35363541
Epstein-Barr virus antibody in newly diagnosed multiple sclerosis patients and its association with relapse severity and lesion location,"Olmez, O; Baba, C; Abasiyanik, Z; Ozakbas, S",Multiple Sclerosis and Related Disorders,2022,36096010
Epstein-Barr virus and multiple sclerosis: supporting causality,"Aloisi, F; Salvetti, M",The Lancet Neurology,2022,
Epstein-Barr virus and multiple sclerosis,"Robinson, WH; Steinman, L",Science,2022,36429047
Epstein-Barr Virus-Induced Genes and Endogenous Retroviruses in Immortalized B Cells from Patients with Multiple Sclerosis,"Wieland, L; Schwarz, T; Engel, K; Volkmer, I; Krüger, A; Tarabuko, A; Junghans, J; Kornhuber, ME; Hoffmann, F; Staege, MS; Emmer, A",Cells,2022,36429047
"Epstein-Barr Virus in Burkitt Lymphoma in Africa Reveals a Limited Set of Whole Genome and LMP-1 Sequence Patterns: Analysis of Archival Datasets and Field Samples From Uganda, Tanzania, and Kenya","Liao, H; Liu, H … Lo, S; Mbulaiteye, SM",Frontiers in Oncology,2022,35340265
Epstein-Barr Virus and multiple sclerosis in a Spanish cohort: A two-years longitudinal study,"Domínguez-Mozo, MI; López-Lozano, L; Pérez-Pérez, S; García-Martínez; Torrejón, MJ; Arroyo, R; Álvarez-Lafuente, R",Frontiers in Immunology,2022,36189297
Epstein-Barr Virus and Neurological Diseases,"Zhang, N; Zuo, Y; Jiang, L; Peng, Y; Huang, X; Zuo, L",Frontiers in Molecular Biosciences,2022,35083281
Epstein-Barr Virus and Multiple Sclerosis: New Light on an Old Idea,-,The Neuroscientist,2022,35441540
Epstein-Barr Virus Load Correlates with Multiple Sclerosis-Associated Retrovirus Envelope Expression,"Pérez-Pérez, S; Domínguez-Mozo, MI; García-Martínez, M; Ballester-González, R; Nieto-Gañán, I; Arroyo, R; Alvarez-Lafuente, R",Biomedicines,2022,
Epstein-Barr Virus (EBV) and Multiple Sclerosis Disease: A Biomedical Diagnosis,"Alanazi, A",Computational Intelligence and Neuroscience,2022,36082345
Epigenetic control of the Epstein-Barr lifecycle,"Guo, R; Gewurz, BE",Current Opinion in Virology,2022,34891084
Epidemiology and Pathophysiology of Multiple Sclerosis,"Ward, M; Goldman, MD",Continuum,2022,35938654
Environmental risk factors in multiple sclerosis: bridging Mendelian randomization and observational studies,"Vandebergh, M; Degryse, N; Dubois, B; Goris, A",Journal of Neurology,2022,35366084
Effect of teriflunomide on Epstein-Barr virus shedding in relapsing-remitting multiple sclerosis patients: Outcomes from a real-world pilot cohort study,"Gold, J; Holden, D; Parratt, J; Yiannikas, C; Ahmad, R; Sedhom, M; Giovannoni, G",Multiple Sclerosis and Related Disorders,2022,36544305
Effect of ocrelizumab on leptomeningeal inflammation and humoral response to Epstein-Barr virus in multiple sclerosis. A pilot study,"Zivadinov, R; Jakimovski, D; Ramanathan, M; Benedict, RH; Bergsland, N; Dwyer, MG; Weinstock-Guttman, B",Multiple Sclerosis and Related Disorders,2022,
EBV as the “gluten of MS” hypothesis provides a rationale for trialing antiviral therapies,"Drosu, N; Giovannoni, G; Lechner-Scott, J; Hawkes, C; Yeh, A; Levy, M",Multiple Sclerosis and Related Disorders,2022,
EBV as the ‘gluten of MS’ hypothesis: Bypassing autoimmunity,"Aloisi, F; Veroni, C; Serafini, B",Multiple Sclerosis and Related Disorders,2022,
Dynamics of Inflammatory and Neurodegenerative Biomarkers after Autologous Hematopoietic Stem Cell Transplantation in Multiple Sclerosis,"Ruder, J; Dinner, G; Maceski, A; Berenjeno-Correa, E; Müller, AM; Jelcic, I; Kuhle, J; Martin, R",International Journal of Molecular Sciences,2022,36142860
Correction: Broader Epstein-Barr virus-specific T cell receptor repertoire in patients with multiple sclerosis,"Schneider-Hohendorf, T; Gerdes, LA … Wiendl, H; Schwab, N",Journal of Experimental Medicine,2022,36305889
Contribution of B cells to cortical damage in multiple sclerosis,"Bhargava, P; Hartung, H; Calabresi, PA",Brain,2022,35775595
Conserved and Unique Functions of Blimp1 in Immune Cells,"Nadeau, S; Martins, GA",Frontiers in Immunology,2022,
Comprehensive Investigations Relationship Between Viral Infections and Multiple Sclerosis Pathogenesis,"Sedighi, S; Gholizadeh, O … Poortahmasebi, V; Dadashpour, M",Current Microbiology,2022,36459252
Complex heatmap visualization,"Gu, Z",iMeta,2022,38868715
Comment on “The role of Epstein-Barr virus in multiple sclerosis: from molecular pathophysiology to in vivo imaging”,"Asadollahzade, E; Ghadiri, F; Ebadi, Z; Moghadasi, AN",Revista da Associação Médica Brasileira,2022,36449811
Clonally expanded B cells in multiple sclerosis bind EBV EBNA1 and GlialCAM,"Lanz, TV; Brewer, RC … Steinman, L; Robinson, WH",Nature,2022,35073561
"Circulating Memory B Cells in Early Multiple Sclerosis Exhibit Increased IgA+ Cells, Globally Decreased BAFF-R Expression and an EBV-Related IgM+ Cell Signature","Leffler, J; Trend, S; Ward, NC; Grau, GE; Hawke, S; Byrne, SN; Kermode, AG; French, MA; Hart, PH",Frontiers in Immunology,2022,
Case report: MOG-IgG-associated encephalitis with Epstein-Barr virus infection and Alzheimer's pathologic change in cerebrospinal fluid,"Li, L; Li, C; Yao, D; Hao, Y; Zhao, C; Yan, Q; Liu, J; Liu, S; Zhu, W; Du, Y; Zhang, W",Frontiers in Neurology,2022,36530610
Broader Epstein-Barr virus-specific T cell receptor repertoire in patients with multiple sclerosis,"Schneider-Hohendorf, T; Gerdes, LA … Wiendl, H; Schwab, N",Journal of Experimental Medicine,2022,36048016
Balance between immunoregulatory B cells and plasma cells drives pancreatic tumor immunity,"Mirlekar, B; Wang, Y … Yeh, JJ; Pylayeva-Gupta, Y",Cell Reports Medicine,2022,36099917
BTBBCL6 dimers as building blocks for reversible drug-induced protein oligomerization,"Nitsch, L; Jensen, P; Yoon, H; Koeppel, J; Burman, SSR; Fischer, ES; Scholl, C; Fröhling, S; Słabicki, M",Cell Reports Methods,2022,
"BCL6, a key oncogene, in the placenta, pre-eclampsia and endometriosis","Louwen, F; Kreis, N; Ritter, A; Friemel, A; Solbach, C; Yuan, J",Human Reproduction Update,2022,
B-cell lymphoma 6 alleviates nonalcoholic fatty liver disease in mice through suppression of fatty acid transporter CD36,"Zhang, H; Li, Y … Ye, P; Xia, J",Cell Death & Disease,2022,35436984
Association Between Time Spent Outdoors and Risk of Multiple Sclerosis,"Sebastian, P; Cherbuin, N … Wheeler, J; Peterson, S",Neurology,2022,34880094
Anti-EBNA1 IgG titre is not associated with fatigue in multiple sclerosis patients,"Fleischer, M; Schuh, H; Bickmann, NM; Hagenacker, T; Krüger, K; Skripuletz, T; Fiedler, M; Kleinschnitz, C; Pul, R; Skuljec, J",Neurologia i Neurochirurgia Polska,2022,
"Analysis of herpesvirus infection and genome single nucleotide polymorphism risk factors in multiple sclerosis, Volga federal district, Russia","Lezhnyova, V; Davidyuk, Y; Mullakhmetova, A; Markelova, M; Zakharov, A; Khaiboullina, S; Martynova, E",Frontiers in Immunology,2022,
Altered Immune Response to the Epstein-Barr Virus as a Prerequisite for Multiple Sclerosis,"Läderach, F; Münz, C",Cells,2022,36078165
A role for the Epstein-Barr virus in multiple sclerosis aetiology?,"Hrastelj, J; Robertson, NP",Journal of Neurology,2022,35639199
A common mechanism links Epstein‐Barr virus infections and autoimmune diseases,"Zhang, L",Journal of Medical Virology,2022,
A bivalent Epstein-Barr virus vaccine induces neutralizing antibodies that block infection and confer immunity in humanized mice,"Wei, C; Bu, W; Nguyen, LA; Batchelor, JD; Kim, J; Pittaluga, S; Fuller, JR; Nguyen, H; Chou, T; Cohen, JI; Nabel, GJ",Science Translational Medicine,2022,35507671
A Unique Case of Radiologically Isolated Syndrome Diagnosed During a Follow-up of Cytomegalovirus Meningoencephalitis,"Salimi, Z; Tazi, R; Hazim, A; Bouknani, N; Aasfara, J",Cureus,2022,35308714
Use ggbreak to Effectively Utilize Plotting Space to Deal With Large Datasets and Outliers,"Xu, S; Chen, M; Feng, T; Zhan, L; Zhou, L; Yu, G",Frontiers in Genetics,2021,34795698
The interplay between DNA and histone methylation: molecular mechanisms and disease implications,"Li, Y; Chen, X; Lu, C",EMBO reports,2021,33844406
The cellular immune response against Epstein-Barr virus decreases during ocrelizumab treatment,"Pham, HT; Gupta, R; Lindsey, JW",Multiple Sclerosis and Related Disorders,2021,34624646
The Functions and Mechanisms of PR-DUB in Malignancy,"Cao, L; Li, R; Wu, X",Frontiers in Molecular Biosciences,2021,33796551
The Association of EBV and HHV-6 Viral Load with Different NK and CD8(+) T Cell Subsets in The Acute Phase of Relapsing-Remitting Multiple Sclerosis.,"Salehi, Z; Beheshti, M; Nomanpour, B; Khosravani, P; Naseri, M; Sahraian, M; Izad, M",Cell journal,2021,34939755
T-Cell Response against Varicella Zoster Virus in Patients with Multiple Sclerosis during Relapse and Remission,"Pérez-Saldívar, M; Ordoñez, G; Pineda, B; Sotelo, J; Martínez-Palomo, A; Flores-Rivera, J; Espinosa-Cantellano, M",International Journal of Molecular Sciences,2021,35008726
"Sophisticated Conversations between Chromatin and Chromatin Remodelers, and Dissonances in Cancer","Clapier, CR",International Journal of Molecular Sciences,2021,34070411
Primary Peripheral Epstein-Barr Virus Infection Can Lead to CNS Infection and Neuroinflammation in a Rabbit Model: Implications for Multiple Sclerosis Pathogenesis,"Hassani, A; Reguraman, N; Shehab, S; Khan, G",Frontiers in Immunology,2021,34899715
Multiple Sclerosis and SARS-CoV-2: Has the Interplay Started?,"Bellucci, G; Rinaldi, V; Buscarinu, MC; Reniè, R; Bigi, R; Pellicciari, G; Morena, E; Romano, C; Marrone, A; Mechelli, R; Salvetti, M; Ristori, G",Frontiers in Immunology,2021,34646278
Modification of EBV Associated Lymphomagenesis and Its Immune Control by Co-Infections and Genetics in Humanized Mice,"Schuhmachers, P; Münz, C",Frontiers in Immunology,2021,33833760
Modeling human adaptive immune responses with tonsil organoids,"Wagar, LE; Salahudeen, A … Kuo, CJ; Davis, MM",Nature Medicine,2021,33432170
MicroRNA regulation of B cell receptor signaling,"Borbet, TC; Hines, MJ; Koralov, SB",Immunological Reviews,2021,34523719
"Infections and Multiple Sclerosis: From the World to Sardinia, From Sardinia to the World","Frau, J; Coghe, G; Lorefice, L; Fenu, G; Cocco, E",Frontiers in Immunology,2021,34691035
Impact of Vitamin D Supplementation on Multiple Sclerosis,"Gandhi, F; Jhaveri, S; Avanthika, C; Singh, A; Jain, N; Gulraiz, A; Shah, P; Nasir, F",Cureus,2021,
Immunoglobulins and Transcription Factors in Otitis Media,"Jung, SY; Kim, D; Park, DC; Lee, EH; Choi, Y; Ryu, J; Kim, SH; Yeo, SG",International Journal of Molecular Sciences,2021,33801155
Histone Modifications and Their Targeting in Lymphoid Malignancies,"Fernández-Serrano, M; Winkler, R; Santos, JC; Le Pannérer, M; Buschbeck, M; Roué, G",International Journal of Molecular Sciences,2021,
"Histone H1 Mutations in Lymphoma: A Link(er) between Chromatin Organization, Developmental Reprogramming, and Cancer","Soshnev, AA; Allis, CD; Cesarman, E; Melnick, AM",Cancer Research,2021,34580064
Genome-wide programmable transcriptional memory by CRISPR-based epigenome editing,"Nuñez, JK; Chen, J … Gilbert, LA; Weissman, JS",Cell,2021,33838111
Genetic and immunological contributors to virus-induced paralysis,"Perez Gomez, AA; Karmakar, M; Carroll, RJ; Lawley, KS; Amstalden, K; Young, CR; Threadgill, DW; Welsh, CJ; Brinkmeyer-Langford, C","Brain, Behavior, & Immunity - Health",2021,
Frequent mutations of FBXO11 highlight BCL6 as a therapeutic target in Burkitt lymphoma,"Pighi, C; Cheong, T … Zamò, A; Chiarle, R",Blood Advances,2021,
Follow-up after infectious mononucleosis in search of serological similarities with presymptomatic multiple sclerosis,"Jons, D; Persson Berg, L; Sundström, P; Haghighi, S; Axelsson, M; Thulin, M; Bergström, T; Andersen, O",Multiple Sclerosis and Related Disorders,2021,34634626
Epstein-Barr virus nuclear antigen 2 extensively rewires the human chromatin landscape at autoimmune risk loci,"Hong, T; Parameswaran, S … Kottyan, LC; Weirauch, MT",Genome Research,2021,
Epstein-Barr Virus and the Origin of Myalgic Encephalomyelitis or Chronic Fatigue Syndrome,"Ruiz-Pablos, M; Paiva, B; Montero-Mateo, R; Garcia, N; Zabaleta, A",Frontiers in Immunology,2021,35046929
Epstein Barr Virus: Development of Vaccines and Immune Cell Therapy for EBV-Associated Diseases,"Cui, X; Snapper, CM",Frontiers in Immunology,2021,34691042
Epstein Barr Virus Exploits Genetic Susceptibility to Increase Multiple Sclerosis Risk,"Läderach, F; Münz, C",Microorganisms,2021,34835317
EBV+ high‐grade B cell lymphoma with MYC and BCL2 and/or BCL6 rearrangements: a multi‐institutional study,"Liu, H; Xu‐Monette, ZY … Young, KH; Hu, S",Histopathology,2021,
Diverse functional autoantibodies in patients with COVID-19,"Wang, EY; Mao, T … Iwasaki, A; Ring, AM",Nature,2021,
"Cumulative Roles for Epstein-Barr Virus, Human Endogenous Retroviruses, and Human Herpes Virus-6 in Driving an Inflammatory Cascade Underlying MS Pathogenesis","Meier, U; Cipian, RC; Karimi, A; Ramasamy, R; Middeldorp, JM",Frontiers in Immunology,2021,34790199
Clinical-etiological and MRI parallels of encephalitis in children,"Skripchenko, E; Ivanova, G; Skripchenko, N; Astapova, A; Gorelik, E; Vilnitz, A; Marchenko, N",Zhurnal nevrologii i psikhiatrii im. S.S. Korsakova,2021,
Cell-Free HPV DNA Provides an Accurate and Rapid Diagnosis of HPV-Associated Head and Neck Cancer,"Siravegna, G; O'Boyle, CJ … Richmon, JD; Faden, DL",Clinical Cancer Research,2021,34857594
"Bacterial Infection and Non-Hodgkin B-Cell Lymphoma: Interactions between Pathogen, Host and the Tumor Environment","Biernat, MM; Wróbel, T",International Journal of Molecular Sciences,2021,34298992
Association of Infectious Mononucleosis in Childhood and Adolescence With Risk for a Subsequent Multiple Sclerosis Diagnosis Among Siblings,"Xu, Y; Hiyoshi, A; Smith, KA; Piehl, F; Olsson, T; Fall, K; Montgomery, S",JAMA Network Open,2021,34633426
Anti-Human Herpesvirus 6 A/B Antibodies Titers Correlate With Multiple Sclerosis-Associated Retrovirus Envelope Expression,"Pérez-Pérez, S; Domínguez-Mozo, MI; García-Martínez, M; García-Frontini, MC; Villarrubia, N; Costa-Frossard, L; Villar, LM; Arroyo, R; Álvarez-Lafuente, R",Frontiers in Immunology,2021,34912348
Viral epitope profiling of COVID-19 patients reveals cross-reactivity and correlates of severity,"Shrock, E; Fujimura, E … Rosenthal, A; Wong, C",Science,2020,32994364
The life and death of the germinal center,"Gars, E; Butzmann, A; Ohgami, R; Balakrishna, JP; O'Malley, DP",Annals of Diagnostic Pathology,2020,31751845
The Role of VP16 in the Life Cycle of Alphaherpesviruses,"Fan, D; Wang, M … Pan, L; Chen, X",Frontiers in Microbiology,2020,33013729
Selective Inhibition of HDAC3 Targets Synthetic Vulnerabilities and Activates Immune Surveillance in Lymphoma,"Mondello, P; Tadros, S … Melnick, AM; Green, MR",Cancer Discovery,2020,31915197
Multivalent and Bidirectional Binding of Transcriptional Transactivation Domains to the MED25 Coactivator,"Jeffery, HM; Weinzierl, ROJ",Biomolecules,2020,32825095
It’s a Phase That EBF1 Is Going Through,"Kee, BL",Immunity,2020,33326760
Integrating Peak Colocalization and Motif Enrichment Analysis for the Discovery of Genome-Wide Regulatory Modules and Transcription Factor Recruitment Rules,"Ronzio, M; Zambelli, F; Dolfini, D; Mantovani, R; Pavesi, G",Frontiers in Genetics,2020,
Insights gained from a comprehensive all-against-all transcription factor binding motif benchmarking study,"Ambrosini, G; Vorontsov, I; Penzar, D; Groux, R; Fornes, O; Nikolaeva, DD; Ballester, B; Grau, J; Grosse, I; Makeev, V; Kulakovskiy, I; Bucher, P",Genome Biology,2020,32393327
Inactivation of Fbxw7 Impairs dsRNA Sensing and Confers Resistance to PD-1 Blockade,"Gstalder, C; Liu, D … Van Allen, EM; Haq, R",Cancer Discovery,2020,32371478
General and Target-Specific DExD/H RNA Helicases in Eukaryotic Translation Initiation,"Shen, L; Pelletier, J",International Journal of Molecular Sciences,2020,32575790
Epigenetic reprogramming sensitizes immunologically silent EBV+ lymphomas to virus-directed immunotherapy,"Dalton, T; Doubrovina, E … Cesarman, E; Giulino-Roth, L",Blood,2020,32157281
"During mitosis ZEB1 “switches” from being a chromatin-bound epithelial gene repressor, to become a microtubule-associated protein","Fouani, L; Huang, M; Cole, L; Jansson, P; Kovacevic, Z; Richardson, D",Biochimica et Biophysica Acta (BBA) - Molecular Cell Research,2020,32057919
Current strategies for the design of PROTAC linkers: a critical review,"Troup, RI; Fallan, C; Baud, MGJ",Exploration of Targeted Anti-tumor Therapy,2020,36046485
Achieving In Vivo Target Depletion through the Discovery and Optimization of Benzimidazolone BCL6 Degraders,"Bellenie, BR; Cheung, KJ … Rossanese, OW; Hoelder, S",Journal of Medicinal Chemistry,2020,
Pathogenesis of Human Gammaherpesviruses: Recent Advances,"Weed, DJ; Damania, B",Current Clinical Microbiology Reports,2019,33134035
LncRNA SNHG14/miR-5590-3p/ZEB1 positive feedback loop promoted diffuse large B cell lymphoma progression and immune evasion through regulating PD-1/PD-L1 checkpoint,"Zhao, L; Liu, Y; Zhang, J; Liu, Y; Qi, Q",Cell Death & Disease,2019,31570691
Impact of cancer mutational signatures on transcription factor motifs in the human genome,"Yiu Chan, CW; Gu, Z; Bieg, M; Eils, R; Herrmann, C",BMC Medical Genomics,2019,31109337
Germinal center‐derived lymphomas: The darkest side of humoral immunity,"Mlynarczyk, C; Fontán, L; Melnick, A",Immunological Reviews,2019,
Epstein-Barr-Virus-Induced One-Carbon Metabolism Drives B Cell Transformation,"Wang, LW; Shen, H … Weekes, MP; Gewurz, BE",Cell Metabolism,2019,
Epstein-Barr virus subverts mevalonate and fatty acid pathways to promote infected B-cell proliferation and survival,"Wang, LW; Wang, Z; Ersing, I; Nobre, L; Guo, R; Jiang, S; Trudeau, S; Zhao, B; Weekes, MP; Gewurz, BE",PLOS Pathogens,2019,31518366
Epigenetic Programing of B-Cell Lymphoma by BCL6 and Its Genetic Deregulation,"Yang, H; Green, MR",Frontiers in Cell and Developmental Biology,2019,31788471
EBV Latency III-Transformed B Cells Are Inducers of Conventional and Unconventional Regulatory T Cells in a PD-L1-Dependent Manner,"Auclair, H; Ouk-Martin, C; Roland, L; Santa, P; Al Mohamad, H; Faumont, N; Feuillard, J; Jayat-Vignoles, C",The Journal of Immunology,2019,
"Dangerous liaisons: interplay between SWI/SNF, NuRD, and Polycomb in chromatin regulation and cancer","Bracken, AP; Brien, GL; Verrijzer, CP",Genes & Development,2019,31123059
CRISPR/Cas9 Screens Reveal Multiple Layers of B cell CD40 Regulation,"Jiang, C; Trudeau, SJ … Chiarle, R; Gewurz, BE",Cell Reports,2019,31365872
"BAFF, IL‐4 and IL‐21 separably program germinal center‐like phenotype acquisition, BCL6 expression, proliferation and survival of CD40L‐activated B cells in vitro","Robinson, MJ; Pitt, C; Brodie, EJ; Valk, AM; O'Donnell, K; Nitschke, L; Jones, S; Tarlinton, DM",Immunology & Cell Biology,2019,31276232
B Cell Responses: Cell Interaction Dynamics and Decisions,"Cyster, JG; Allen, CD",Cell,2019,31002794
2C-ChIP: measuring chromatin immunoprecipitation signal from defined genomic regions with deep sequencing,"Wang, XQD; Cameron, CJF; Paquette, D; Segal, D; Warsaba, R; Blanchette, M; Dostie, J",BMC Genomics,2019,30819105
ape 5.0: an environment for modern phylogenetics and evolutionary analyses in R,"Paradis, E; Schliep, K",Bioinformatics,2018,
Transcription Factors Activate Genes through the Phase-Separation Capacity of Their Activation Domains,"Boija, A; Klein, IA … Taatjes, DJ; Young, RA",Cell,2018,30449618
The Human Transcription Factors,"Lambert, SA; Jolma, A; Campitelli, LF; Das, PK; Yin, Y; Albu, M; Chen, X; Taipale, J; Hughes, TR; Weirauch, MT",Cell,2018,31650096
PhIP-Seq characterization of serum antibodies using oligonucleotide-encoded peptidomes,"Mohan, D; Wansley, DL; Sie, BM; Noon, MS; Baer, AN; Laserson, U; Larman, HB",Nature Protocols,2018,30190553
PML nuclear bodies: from architecture to function,"Lallemand-Breitenbach, V; de Thé, H",Current Opinion in Cell Biology,2018,29723661
Natural Variations in BRLF1 Promoter Contribute to the Elevated Reactivation Level of Epstein-Barr Virus in Endemic Areas of Nasopharyngeal Carcinoma,"Zhang, J; Huang, S; Wang, T; Dong, S; He, Y; Zheng, X; Li, X; Wang, F; Jianbing, M; Jia, W",EBioMedicine,2018,30420297
MLL4 Is Required to Maintain Broad H3K4me3 Peaks and Super-Enhancers at Tumor Suppressor Genes,"Dhar, SS; Zhao, D … Chen, K; Lee, MG",Molecular Cell,2018,29861161
Infection of Epstein-Barr Virus in Type III Latency Modulates Biogenesis of Exosomes and the Expression Profile of Exosomal miRNAs in the Burkitt Lymphoma Mutu Cell Lines,"Nanbo, A; Katano, H; Kataoka, M; Hoshina, S; Sekizuka, T; Kuroda, M; Ohba, Y",Cancers,2018,30029522
Identification of host RNAs that interact with EBV noncoding RNA EBER2,"Nanni, AV; Lee, N",RNA Biology,2018,30176159
Epigenetic crossroads of the Epstein-Barr virus B-cell relationship,"Frost, TC; Gewurz, BE",Current Opinion in Virology,2018,30227386
CRISPR/Cas9‐Mediated Genome Editing in Epstein‐Barr Virus‐Transformed Lymphoblastoid B‐Cell Lines,"Jiang, S; Wang, LW; Walsh, MJ; Trudeau, SJ; Gerdt, C; Zhao, B; Gewurz, BE",Current Protocols in Molecular Biology,2018,
CAGE-seq analysis of Epstein-Barr virus lytic gene transcription: 3 kinetic classes from 2 mechanisms,"Djavadian, R; Hayes, M; Johannsen, E",PLOS Pathogens,2018,29864140
A Non-canonical BCOR-PRC1.1 Complex Represses Differentiation Programs in Human ESCs,"Wang, Z; Gearhart, MD … Bardwell, VJ; Ivanova, NB",Cell Stem Cell,2018,29337181
The Multitalented MEDIATOR25,"Kazan, K",Frontiers in Plant Science,2017,28659948
The Expanding Role of the BCL6 Oncoprotein as a Cancer Therapeutic Target,"Cardenas, MG; Oswald, E; Yu, W; Xue, F; MacKerell, AD; Melnick, AM",Clinical Cancer Research,2017,27881582
Second-generation method for analysis of chromatin binding with formaldehyde-cross-linking kinetics,"Zaidi, H; Hoffman, EA; Shetty, SJ; Bekiranov, S; Auble, DT",Journal of Biological Chemistry,2017,28972159
Second-generation method for analysis of chromatin binding using formaldehyde crosslinking kinetics,"Zaidi, H; Hoffman, EA; Shetty, SJ; Bekiranov, S; Auble, DT",-,2017,28972159
Polycomb complexes PRC1 and their function in hematopoiesis,"Vidal, M; Starowicz, K",Experimental Hematology,2017,
Multiple Sclerosis,"Vidal-Jordana, A; Montalban, X",Neuroimaging Clinics of North America,2017,29955526
Massive intracerebral Epstein-Barr virus reactivation in lethal multiple sclerosis relapse after natalizumab withdrawal.,"Serafini, B; Scorsi, E; Rosicarelli, B; Rigau, V; Thouvenot, E; Aloisi, F",Journal of neuroimmunology,2017,28495131
IL4 and IL21 cooperate to induce the high Bcl6 protein level required for germinal center formation,"Chevrier, S; Kratina, T; Emslie, D; Tarlinton, DM; Corcoran, LM",Immunology & Cell Biology,2017,28875978
Chromatin reorganisation in Epstein-Barr virus-infected cells and its role in cancer development,"West, MJ",Current Opinion in Virology,2017,28910751
Chemically Induced Degradation of the Oncogenic Transcription Factor BCL6,"Kerres, N; Steurer, S … Pearson, M; Koegl, M",Cell Reports,2017,28930682
CRISPR/Cas9 Screens Reveal Epstein-Barr Virus-Transformed B Cell Host Dependency Factors,"Ma, Y; Walsh, MJ; Bernhardt, K; Ashbaugh, CW; Trudeau, SJ; Ashbaugh, IY; Jiang, S; Jiang, C; Zhao, B; Root, DE; Doench, JG; Gewurz, BE",Cell Host & Microbe,2017,28494239
Antibodies to the Epstein-Barr virus proteins BFRF3 and BRRF2 cross-react with human proteins,"Lindsey, JW",Journal of Neuroimmunology,2017,
An essential EBV latent antigen 3C binds Bcl6 for targeted degradation and cell proliferation,"Pei, Y; Banerjee, S; Jha, HC; Sun, Z; Robertson, ES",PLOS Pathogens,2017,28738086
The anti-proliferative effects of type I IFN involve STAT6-mediated regulation of SP1 and BCL6,"Hsu, Y; Huang, C; Kung, Y; Lin, H; Chang, C; Lee, K; Wan, L",Cancer Letters,2016,26945968
Multi-tiered Reorganization of the Genome during B Cell Affinity Maturation Anchored by a Germinal Center-Specific Locus Control Region,"Bunting, KL; Soong, TD; Singh, R; Jiang, Y; Béguelin, W; Poloway, DW; Swed, BL; Hatzi, K; Reisacher, W; Teater, M; Elemento, O; Melnick, AM",Immunity,2016,
Inflammation Triggers Zeb1-Dependent Escape from Tumor Latency,"De Cock, JM; Shibue, T; Dongre, A; Keckesova, Z; Reinhardt, F; Weinberg, RA",Cancer Research,2016,27530323
Genome-wide uniformity of human ‘open’ pre-initiation complexes,"Lai, WK; Pugh, BF",Genome Research,2016,27927716
Genome-wide Analysis Identifies Bcl6-Controlled Regulatory Networks during T Follicular Helper Cell Differentiation,"Liu, X; Lu, H … Wei, L; Dong, C",Cell Reports,2016,26876184
Gene sharing between Epstein-Barr virus and human immune response genes,"Dreyfus, DH",Immunologic Research,2016,27421718
"EZH2 and BCL6 Cooperate to Assemble CBX8-BCOR Complex to Repress Bivalent Promoters, Mediate Germinal Center Formation and Lymphomagenesis","Béguelin, W; Teater, M … Bardwell, VJ; Melnick, AM",Cancer Cell,2016,27505670
Comprehensive analysis of promoter-proximal RNA polymerase II pausing across mammalian cell types,"Day, DS; Zhang, B; Stevens, SM; Ferrari, F; Larschan, EN; Park, PJ; Pu, WT",Genome Biology,2016,
Complex heatmaps reveal patterns and correlations in multidimensional genomic data,"Gu, Z; Eils, R; Schlesner, M",Bioinformatics,2016,27207943
Analysis of Viral Promoter Usage in EBV-Infected Cell Lines: A Comparison of qPCR Following Conventional RNA Isolation and Nuclear Run-On Assay,"Szenthe, K; Banati, F",Methods in Molecular Biology,2016,27873271
msa: an R package for multiple sequence alignment,"Bodenhofer, U; Bonatesta, E; Horejš-Kainrath, C; Hochreiter, S",Bioinformatics,2015,
Evaluation of No Evidence of Disease Activity in a 7-Year Longitudinal Multiple Sclerosis Cohort,"Rotstein, DL; Healy, BC; Malik, MT; Chitnis, T; Weiner, HL",JAMA Neurology,2015,25531931
Epstein-Barr virus latent genes,"Kang, M; Kieff, E",Experimental & Molecular Medicine,2015,25613728
EBV Persistence-Introducing the Virus,"Thorley-Lawson, DA",Current Topics in Microbiology and Immunology,2015,26424647
EBV Noncoding RNA Binds Nascent RNA to Drive Host PAX5 to Viral DNA,"Lee, N; Moss, WN; Yario, TA; Steitz, JA",Cell,2015,25662012
Comprehensive serological profiling of human populations using a synthetic human virome,"Xu, GJ; Kula, T … Larman, HB; Elledge, SJ",Science,2015,26045439
The regulatory network of B‐cell differentiation: a focused view of early B‐cell factor 1 function,"Boller, S; Grosschedl, R",Immunological Reviews,2014,25123279
The NF-κB Genomic Landscape in Lymphoblastoid B Cells,"Zhao, B; Barrera, LA … Kieff, E; Gewurz, BE",Cell Reports,2014,25159142
Oncogenic Mechanisms in Burkitt Lymphoma,"Schmitz, R; Ceribelli, M; Pittaluga, S; Wright, G; Staudt, LM",Cold Spring Harbor Perspectives in Medicine,2014,24492847
Software for Computing and Annotating Genomic Ranges,"Lawrence, M; Huber, W; Pagès, H; Aboyoun, P; Carlson, M; Gentleman, R; Morgan, MT; Carey, VJ",PLoS Computational Biology,2013,23950696
A Hybrid Mechanism of Action for BCL6 in B Cells Defined by Formation of Functionally Distinct Complexes at Enhancers and Promoters,"Hatzi, K; Jiang, Y … Elemento, O; Melnick, A",Cell Reports,2013,23911289
Telomeres and viruses: common themes of genome maintenance,"Deng, Z; Wang, Z; Lieberman, PM",Frontiers in Oncology,2012,
Antiretroviral prophylaxis for HIV prevention in heterosexual men and women.,"Baeten, J; Donnell, D; Ndase, P; Mugo, N; Campbell, J; Wangisi, J; Tappero, J; Bukusi, E; Cohen, C; Katabira, E; Ronald, A; Tumwesigye, E; Were, E; Fife, K; Kiarie, J; Farquhar, C; John-Stewart, G; Kakia, A; Odoyo, J; Mucunguzi, A; Nakku-Joloba, E; Twesigye, R; Ngure, K; Apaka, C; Tamooh, H; Gabona, F; Mujugira, A; Panteleeff, D; Thomas, K; Kidoguchi, L; Krows, M; Revall, J; Morrison, S; Haugen, H; Emmanuel-Ogier, M; Ondrejcek, L; Coombs, R; Frenkel, L; Hendrix, C; Bumpus, N; Bangsberg, D; Haberer, J; Stevens, W; Lingappa, J; Celum, C; Partners, PST",The New England journal of medicine,2012,22784037
An Atlas of the Epstein-Barr Virus Transcriptome and Epigenome Reveals Host-Virus Regulatory Interactions,"Arvey, A; Tempera, I; Tsai, K; Chen, H; Tikhmyanova, N; Klichinsky, M; Leslie, C; Lieberman, PM",Cell Host & Microbe,2012,22901543
Hallmarks of Cancer: The Next Generation,"Hanahan, D; Weinberg, RA",Cell,2011,
ZEB1 and CtBP form a repressive complex at a distal promoter element of the BCL6 locus,"Papadopoulou, V; Postigo, A; Sánchez-Tilló, E; Porter, ACG; Wagner, SD",Biochemical Journal,2010,20175752
Integrated biochemical and computational approach identifies BCL6 direct target genes controlling multiple pathways in normal germinal center B cells,"Basso, K; Saito, M; Sumazin, P; Margolin, AA; Wang, K; Lim, W; Kitagawa, Y; Schneider, C; Alvarez, MJ; Califano, A; Dalla-Favera, R",Blood,2010,19965633
Epstein-Barr virus nuclear antigen 3C regulated genes in lymphoblastoid cell lines,"Zhao, B; Mar, JC; Maruo, S; Lee, S; Gewurz, BE; Johannsen, E; Holton, K; Rubio, R; Takada, K; Quackenbush, J; Kieff, E",Proceedings of the National Academy of Sciences,2010,21173222
"CDK19 is disrupted in a female patient with bilateral congenital retinal folds, microcephaly and mild mental retardation","Mukhopadhyay, A; Kramer, JM … van Nouhuys, CE; Cremers, FPM",Human Genetics,2010,20563892
The BCL6 transcriptional program features repression of multiple oncogenes in primary B cells and is deregulated in DLBCL,"Ci, W; Polo, JM; Cerchietti, L; Shaknovich, R; Wang, L; Yang, SN; Ye, K; Farinha, P; Horsman, DE; Gascoyne, RD; Elemento, O; Melnick, A",Blood,2009,19307668
Single Nucleotide Variants of the TGACTCA Motif Modulate Energetics and Orientation of Binding of the Jun-Fos Heterodimeric Transcription Factor,"Seldeen, KL; McDonald, CB; Deegan, BJ; Farooq, A",Biochemistry,2009,19215067
Identification of a conserved F-box protein 6 interactor essential for endocytosis and cytokinesis in fission yeast,"Jourdain, I; Spielewoy, N; Thompson, J; Dhut, S; Yates, JR; Toda, T",Biochemical Journal,2009,19243310
Reversible disruption of BCL6 repression complexes by CD40 signaling in normal and malignant B cells,"Polo, JM; Ci, W; Licht, JD; Melnick, A",Blood,2008,18487509
BCL6 represses CHEK1 and suppresses DNA damage pathways in normal and malignant B-cells,"Ranuncolo, SM; Polo, JM; Melnick, A","Blood Cells, Molecules, and Diseases",2008,18346918
BCL6 programs lymphoma cells for survival and differentiation through distinct biochemical mechanisms,"Parekh, S; Polo, JM; Shaknovich, R; Juszczynski, P; Lev, P; Ranuncolo, SM; Yin, Y; Klein, U; Cattoretti, G; Favera, RD; Shipp, MA; Melnick, A",Blood,2007,17545502
JunD/AP-1 and STAT3 are the major enhancer molecules for high Bcl6 expression in germinal center B cells,"Arguni, E; Arima, M; Tsuruoka, N; Sakamoto, A; Hatano, M; Tokuhisa, T",International Immunology,2006,16702165
IL-10 can induce the expression of EBV-encoded latent membrane protein-1 (LMP-1) in the absence of EBNA-2 in B lymphocytes and in Burkitt lymphoma- and NK lymphoma-derived cell lines,"Kis, LL; Takahara, M; Nagy, N; Klein, G; Klein, E",Blood,2006,16332968
A model for the comprehensive investigation of a chronic autoimmune disease: The multiple sclerosis CLIMB study,"Gauthier, SA; Glanz, BI; Mandel, M; Weiner, HL",Autoimmunity Reviews,2006,17027888
Post-transplant lymphoproliferative disorders: molecular basis of disease histogenesis and pathogenesis,"Capello, D; Rossi, D; Gaidano, G",Hematological Oncology,2005,16216037
Genomic Sequence Analysis of Epstein-Barr Virus Strain GD1 from a Nasopharyngeal Carcinoma Patient,"Zeng, M; Li, D; Liu, Q; Song, L; Li, M; Zhang, R; Yu, X; Wang, H; Ernberg, I; Zeng, Y",Journal of Virology,2005,16306603
Proteins of purified Epstein-Barr virus,"Johannsen, E; Luftig, M; Chase, MR; Weicksel, S; Cahir-McFarland, E; Illanes, D; Sarracino, D; Kieff, E",Proceedings of the National Academy of Sciences,2004,15534216
MTA3 and the Mi-2/NuRD Complex Regulate Cell Fate during B Lymphocyte Differentiation,"Fujita, N; Jaye, DL; Geigerman, C; Akyildiz, A; Mooney, MR; Boss, JM; Wade, PA",Cell,2004,15454082
Epstein-Barr Virus (EBV) LMP2A induces alterations in gene transcription similar to those observed in Reed-Sternberg cells of Hodgkin lymphoma,"Portis, T; Dyck, P; Longnecker, R",Blood,2003,12907455
Disseminated Nocardia transvalensis Infection: An Unusual Opportunistic Pathogen in Severely Immunocompromised Patients,"McNeil, MM; Brown, JM; Magruder, CH; Shearlock, KT; Saul, RA; Allred, DP; Ajello, L",Journal of Infectious Diseases,1992,1727888
DNA sequence and expression of the B95-8 Epstein-Barr virus genome,"Baer, R; Bankier, AT; Biggin, MD; Deininger, PL; Farrell, PJ; Gibson, TJ; Hatfull, G; Hudson, GS; Satchwell, SC; Séguin, C; Tuffnell, PS; Barrell, BG",Nature,1984,6087149
Comparison of Epstein-Barr virus strains of different origin by analysis of the viral DNAs,"Bornkamm, GW; Delius, H; Zimber, U; Hudewentz, J; Epstein, MA",Journal of Virology,1980,6252328
(title unavailable),,,,
